source_system,source_record_id,entity_type,entity_name,address_line1,address_line2,city,state,postal_code,latitude,longitude,ingested_at,extra_sale_price,extra_close_date,extra_broker_name,extra_property_type,extra_loan_amount,extra_orig_date,extra_maturity_date,extra_lender_name,extra_loan_type,extra_notes
sales_records,SR-1001,client,Falcon Creek Commercial,5503 Peachtree Avenue,,San Francisco,CA,94117,,,2026-08-19T15:51:35.087936+00:00,14600000,20-Jan-24,Nathan Ford,Office,,,,,,
sales_records,SR-1002,client,Ridgeline Group,4710 Meridian Lane,,Columbus,OH,43215,,,2026-08-19T15:51:35.087936+00:00,"$3,300,000","September 3, 2024",Derek Wu,Office,,,,,,
sales_records,SR-1003,client,Prairie Wind Fund,2283 Meridian Drive,,miami,FL,33131-1116,,,2026-08-19T15:51:35.087936+00:00,"$8,850,000",04/06/2024,R. Delgado,Land,,,,,,
sales_records,SR-1004,client,Valley Forge Industrial,96 Market Street,,Houston,TX,77006,,,2026-08-19T15:51:35.087936+00:00,"$13,150,000",06-Jul-24,S. Whitfield,Land,,,,,,
sales_records,SR-1005,client,Rosewood Partners LP,8657 Commerce Street,,San Francisco,CA,94117,,,2026-08-19T15:51:35.087936+00:00,11050000,12/03/2024,R. Delgado,Office,,,,,,
sales_records,SR-1006,client,Zenith Point Capital Inc,4730 Tryon Boulevard,,Portland,OR,97201,,,2026-08-19T15:51:35.087936+00:00,11050000,"November 3, 2024",Alicia Fox,Office,,,,,,
sales_records,SR-1007,client,Coastal Bend Ventures,792 Tryon Drive,,Denver,CO,80202-9489,,,2026-08-19T15:51:35.087936+00:00,6700000,08/12/2024,R. Delgado,Office,,,,,,
sales_records,SR-1008,client,Cornerstone Investors,7499 Congress Street,Floor 23,Seattle,WA,98101,,,2026-08-19T15:51:35.087936+00:00,3100000,"December 8, 2024",S. Whitfield,Retail,,,,,,
sales_records,SR-1009,client,Ferngate Retail,8199 Summit Street,,Miami,FL,33131-3867,,,2026-08-19T15:51:35.087936+00:00,3750000,"October 21, 2024",Alicia Fox,Industrial,,,,,,
sales_records,SR-1010,client,Underhill Properties,5790 Tryon Road,,Houston,TX,77006,,,2026-08-19T15:51:35.087936+00:00,"$1,500,000","May 4, 2024",,Retail,,,,,,
sales_records,SR-1011,client,Palmetto Coast Residential LP,8326 Elm Drive,,New Orleans,LA,70130,,,2026-08-19T15:51:35.087936+00:00,"$9,550,000",2024-06-29,Nathan Ford,Retail,,,,,,
sales_records,SR-1012,client,Harborview Residential Fund,5782 Summit Boulevard,,Columbus,OH,43215,,,2026-08-19T15:51:35.087936+00:00,"$6,050,000",2024-12-15,Nathan Ford,Retail,,,,,,
sales_records,SR-1013,client,Elm Hollow Capital,2878 Harbor Lane,Floor 40,Miami,FL,33131,,,2026-08-19T15:51:35.087936+00:00,13400000,"January 4, 2024",K. Bennett,Industrial,,,,,,
sales_records,SR-1014,client,Kestrel Fund,727 Camelback Street,Floor 31,Boston,MA,02110-6689,,,2026-08-19T15:51:35.087936+00:00,"$14,050,000",10/03/2024,,Retail,,,,,,
sales_records,SR-1015,client,Juniper Bend Office,5090 Liberty Drive,,Chicago,IL,60601,,,2026-08-19T15:51:35.087936+00:00,"$5,500,000",2024-05-12,Nathan Ford,Industrial,,,,,,
sales_records,SR-1016,client,Ember Ridge Capital Inc,8907 Meridian Boulevard,Suite 37,Miami,FL,33131,,,2026-08-19T15:51:35.087936+00:00,"$5,800,000",2024-12-17,J. Alvarez,Retail,,,,,,
sales_records,SR-1017,client,Ashgrove Residential,6965 Market Drive,,Denver,CO,80202,,,2026-08-19T15:51:35.087936+00:00,"$2,000,000",2024-11-18,,Industrial,,,,,,
sales_records,SR-1018,client,Underhill Group,2966 Summit Boulevard,,Houston,TX,77006,,,2026-08-19T15:51:35.087936+00:00,"$11,300,000",2024-06-20,R. Delgado,Land,,,,,,
sales_records,SR-1019,client,Prairie Wind Commercial,6991 Airport Lane,,Houston,TX,77006,,,2026-08-19T15:51:35.087936+00:00,12650000,2024-12-10,R. Delgado,Industrial,,,,,,
sales_records,SR-1020,client,Marlin Bay Trust Inc,949 Congress Lane,,Seattle,WA,98101-6629,,,2026-08-19T15:51:35.087936+00:00,"$10,900,000",06-Feb-24,Nathan Ford,Land,,,,,,
sales_records,SR-1021,client,Larkspur Holdings,6665 Washington Road,Suite 9,Seattle,WA,98101,,,2026-08-19T15:51:35.087936+00:00,"$3,400,000",30-Apr-24,J. Alvarez,Multifamily,,,,,,
sales_records,SR-1022,client,Ferngate Realty,6531 Lakeshore Lane,Suite 6,Chicago,IL,60601,,,2026-08-19T15:51:35.087936+00:00,"$4,000,000",2024-12-01,,Industrial,,,,,,
sales_records,SR-1023,client,Brightline Trust,9212 Bay Boulevard,,Atlanta,GA,30303,,,2026-08-19T15:51:35.087936+00:00,12450000,03-Oct-24,R. Delgado,Land,,,,,,
sales_records,SR-1024,client,Silverpine Group,2233 Congress Drive,,Denver,CO,80202,,,2026-08-19T15:51:35.087936+00:00,"$4,250,000",15-Feb-24,Wendy Park,Multifamily,,,,,,
sales_records,SR-1025,client,Millbrook Holdings Inc,2862 Washington Road,Floor 19,San Francisco,CA,94117,,,2026-08-19T15:51:35.087936+00:00,"$7,150,000",01-Nov-24,Derek Wu,Industrial,,,,,,
sales_records,SR-1026,client,Nightingale Development,9087 Washington Drive,,Chicago,IL,60601,,,2026-08-19T15:51:35.087936+00:00,"$11,350,000",11/09/2024,S. Whitfield,Office,,,,,,
sales_records,SR-1027,client,Underhill Investors,9048 Canal Road,Floor 13,Portland,OR,97201-1813,,,2026-08-19T15:51:35.087936+00:00,4000000,06/13/2024,Priya Nair,Office,,,,,,
sales_records,SR-1028,client,Cascade Group,1422 Congress Boulevard,,Phoenix,AZ,85018,,,2026-08-19T15:51:35.087936+00:00,"$4,500,000",12-Sep-24,,Multifamily,,,,,,
sales_records,SR-1029,client,Lakeshore Holdings,7852 Heritage Drive,Floor 1,Atlanta,GA,30303,,,2026-08-19T15:51:35.087936+00:00,"$1,650,000",03/03/2024,Derek Wu,Multifamily,,,,,,
sales_records,SR-1030,client,Golden Gate Holdings Partners,8486 Jefferson Avenue,,Seattle,WA,98101,,,2026-08-19T15:51:35.087936+00:00,"$5,850,000",03/22/2024,Derek Wu,Office,,,,,,
sales_records,SR-1031,client,Ironbridge Group LLC,2044 Heritage Avenue,Floor 38,Columbus,OH,43215,,,2026-08-19T15:51:35.087936+00:00,"$4,750,000",03/02/2024,Tom O'Neill,Office,,,,,,
sales_records,SR-1033,client,Redwood Residential,9034 Tampa Avenue,Suite 32,Boston,MA,02110,,,2026-08-19T15:51:35.087936+00:00,"$9,700,000",27-Dec-24,Alicia Fox,Land,,,,,,
sales_records,SR-1034,client,Grayson Industrial,4971 Summit Street,,Seattle,WA,98101,,,2026-08-19T15:51:35.087936+00:00,1250000,"May 14, 2024",Derek Wu,Industrial,,,,,,
sales_records,SR-1035,client,Kestrel Holdings,2772 Peachtree Avenue,,New Orleans,LA,70130,,,2026-08-19T15:51:35.087936+00:00,11250000,07/17/2024,R. Delgado,Office,,,,,,
sales_records,SR-1036,client,Overlook Commercial Partners,9459 Yale Lane,Suite 13,Seattle,WA,98101,,,2026-08-19T15:51:35.087936+00:00,"$7,350,000",2024-02-24,Maria Chen,Office,,,,,,
sales_records,SR-1037,client,Quarrystone Trust,4755 Independent Drive,,New Orleans,LA,70130,,,2026-08-19T15:51:35.087936+00:00,10200000,02/10/2024,S. Whitfield,Land,,,,,,
sales_records,SR-1038,client,Canyon Point Investors Fund,7943 Harbor Avenue,,Atlanta,GA,30303,,,2026-08-19T15:51:35.087936+00:00,7150000,2024-04-20,K. Bennett,Multifamily,,,,,,
sales_records,SR-1039,client,Ridgeline Realty,2363 Lakeshore Parkway,,Chicago,IL,60601,,,2026-08-19T15:51:35.087936+00:00,11050000,2024-12-11,Alicia Fox,Multifamily,,,,,,
sales_records,SR-1040,client,Grayson Commercial,5241 Jefferson Drive,,San Francisco,CA,94117,,,2026-08-19T15:51:35.087936+00:00,6950000,2024-06-15,K. Bennett,Industrial,,,,,,
sales_records,SR-1041,client,Meridian Investors,4392 Industrial Avenue,,Denver,CO,80202,,,2026-08-19T15:51:35.087936+00:00,"$8,500,000",2024-01-01,Nathan Ford,Office,,,,,,
sales_records,SR-1042,client,Falcon Creek Properties,1596 Riverside Boulevard,,Austin,TX,78701,,,2026-08-19T15:51:35.087936+00:00,"$4,750,000","October 10, 2024",Derek Wu,Retail,,,,,,
sales_records,SR-1043,client,Fairview Retail,6860 Tryon Parkway,,Atlanta,GA,30303,,,2026-08-19T15:51:35.087936+00:00,3200000,"October 18, 2024",,Land,,,,,,
sales_records,SR-1044,client,Coastal Bend Group,8173 Liberty Drive,,Austin,TX,78701,,,2026-08-19T15:51:35.087936+00:00,6600000,06/20/2024,R. Delgado,Multifamily,,,,,,
sales_records,SR-1045,client,Greystone Logistics,3534 Jefferson Street,,Boston,MA,02110,,,2026-08-19T15:51:35.087936+00:00,10850000,10/16/2024,S. Whitfield,Multifamily,,,,,,
sales_records,SR-1046,client,Blackthorn Holdings,1771 Commerce Avenue,,Columbus,OH,43215,,,2026-08-19T15:51:35.087936+00:00,"$4,250,000",2024-01-26,R. Delgado,Land,,,,,,
sales_records,SR-1047,client,Stonebridge Holdings,6124 Franklin Road,,Atlanta,GA,30303,,,2026-08-19T15:51:35.087936+00:00,3650000,06-May-24,Derek Wu,Industrial,,,,,,
sales_records,SR-1048,client,Brightline Residential,2373 Camelback Road,,Chicago,IL,60601,,,2026-08-19T15:51:35.087936+00:00,"$6,750,000","March 27, 2024",Wendy Park,Office,,,,,,
sales_records,SR-1049,client,Fairview Logistics,7771 Heritage Drive,,Chicago,IL,60601,,,2026-08-19T15:51:35.087936+00:00,"$12,300,000","March 16, 2024",K. Bennett,Retail,,,,,,
sales_records,SR-1050,client,Quarrystone Office,8456 Canal Boulevard,Floor 40,Austin,TX,78701,,,2026-08-19T15:51:35.087936+00:00,"$7,300,000","March 13, 2024",Wendy Park,Land,,,,,,
sales_records,SR-1051,client,Ashgrove Trust,5228 Airport Drive,,Phoenix,AZ,85018,,,2026-08-19T15:51:35.087936+00:00,"$1,250,000",04-Feb-24,Elena Ruiz,Land,,,,,,
sales_records,SR-1052,client,Birchwood Realty Partners,1805 Broadway Road,,seattle,WA,98101,,,2026-08-19T15:51:35.087936+00:00,"$8,600,000",01-Nov-24,J. Alvarez,Industrial,,,,,,
sales_records,SR-1053,client,Westbrook Properties Inc,446 Meridian Boulevard,,Memphis,TN,38118,,,2026-08-19T15:51:35.087936+00:00,1550000,"September 13, 2024",Nathan Ford,Multifamily,,,,,,
sales_records,SR-1054,client,Oakwood Industrial,9487 Grant Lane,,Seattle,WA,98101,,,2026-08-19T15:51:35.087936+00:00,8750000,"December 13, 2024",Priya Nair,Retail,,,,,,
sales_records,SR-1055,client,Ferngate Holdings,9570 Meridian Avenue,,Columbus,OH,43215,,,2026-08-19T15:51:35.087936+00:00,4500000,2024-04-13,K. Bennett,Land,,,,,,
sales_records,SR-1056,client,Coastal Bend Development,6239 Peachtree Parkway,,New Orleans,LA,70130,,,2026-08-19T15:51:35.088931+00:00,12100000,"March 15, 2024",Derek Wu,Office,,,,,,
sales_records,SR-1057,client,Harborview Commercial,3978 Oak Road,,Seattle,WA,98101,,,2026-08-19T15:51:35.088931+00:00,"$9,950,000",11-Nov-24,Alicia Fox,Multifamily,,,,,,
sales_records,SR-1058,client,Foundry Square Logistics Inc,1810 Camelback Street,,San Francisco,CA,94117,,,2026-08-19T15:51:35.088931+00:00,7700000,2024-09-08,Derek Wu,Retail,,,,,,
sales_records,SR-1059,client,Harborview Holdings,5149 Broadway Avenue,,Nashville,TN,37217,,,2026-08-19T15:51:35.088931+00:00,1850000,11-Nov-24,Elena Ruiz,Land,,,,,,
sales_records,SR-1060,client,Meridian Properties,3350 Broadway Road,,Atlanta,GA,30303,,,2026-08-19T15:51:35.088931+00:00,1850000,2024-11-24,Elena Ruiz,Office,,,,,,
sales_records,SR-1061,client,Thornfield Development,7736 Riverside Lane,,Portland,OR,97201,,,2026-08-19T15:51:35.088931+00:00,"$5,050,000",01/26/2024,Priya Nair,Multifamily,,,,,,
sales_records,SR-1062,client,Rosewood Development,8508 Fillmore Road,,Austin,TX,78701,,,2026-08-19T15:51:35.088931+00:00,"$9,050,000",2024-02-27,Wendy Park,Retail,,,,,,
sales_records,SR-1063,client,Windermere Fund,2847 Harbor Road,,Chicago,IL,60601,,,2026-08-19T15:51:35.088931+00:00,12300000,11/28/2024,Elena Ruiz,Land,,,,,,
sales_records,SR-1064,client,Palmetto Coast Trust,8960 Jefferson Lane,,Chicago,IL,60601,,,2026-08-19T15:51:35.088931+00:00,"$4,500,000",01/23/2024,S. Whitfield,Multifamily,,,,,,
sales_records,SR-1065,client,Meridian Realty Group,4341 Meridian Avenue,,Portland,OR,97201-5146,,,2026-08-19T15:51:35.088931+00:00,"$13,400,000",13-Apr-24,Tom O'Neill,Office,,,,,,
sales_records,SR-1066,client,Foundry Square Group,4581 Independent Avenue,,boston,MA,02110,,,2026-08-19T15:51:35.088931+00:00,"$9,700,000",05/22/2024,Alicia Fox,Industrial,,,,,,
sales_records,SR-1067,client,Pinecrest Development,4745 Fillmore Lane,Suite 11,Memphis,TN,38118,,,2026-08-19T15:51:35.088931+00:00,12450000,"December 10, 2024",Maria Chen,Industrial,,,,,,
sales_records,SR-1068,client,Larkspur Group Group,9405 Summit Drive,,Denver,CO,80202,,,2026-08-19T15:51:35.088931+00:00,"$14,250,000",2024-08-06,Alicia Fox,Office,,,,,,
sales_records,SR-1069,client,Birchwood Trust,6474 Jefferson Parkway,,Phoenix,AZ,85018,,,2026-08-19T15:51:35.088931+00:00,7400000,"February 14, 2024",Alicia Fox,Land,,,,,,
sales_records,SR-1070,client,Sable Point Realty Inc,2409 Bannock Street,,Portland,OR,97201,,,2026-08-19T15:51:35.088931+00:00,3800000,2024-04-02,Elena Ruiz,Multifamily,,,,,,
sales_records,SR-1071,client,Steelyard Investors,1304 Jefferson Drive,,Memphis,TN,38118-4296,,,2026-08-19T15:51:35.088931+00:00,"$14,850,000",04/18/2024,Nathan Ford,Industrial,,,,,,
sales_records,SR-1072,client,Windermere Capital,870 Union Drive,,Boston,MA,02110,,,2026-08-19T15:51:35.088931+00:00,"$4,250,000",30-Mar-24,K. Bennett,Industrial,,,,,,
sales_records,SR-1073,client,Blackthorn Retail,7749 Union Lane,,Chicago,IL,60601,,,2026-08-19T15:51:35.088931+00:00,6100000,"January 29, 2024",Nathan Ford,Office,,,,,,
sales_records,SR-1074,client,Sagebrush Residential,7803 Meridian Lane,Floor 35,Phoenix,AZ,85018,,,2026-08-19T15:51:35.088931+00:00,8850000,"March 25, 2024",Tom O'Neill,Retail,,,,,,
sales_records,SR-1075,client,Marlin Bay Investors LP,3814 Summit Lane,,Houston,TX,77006,,,2026-08-19T15:51:35.088931+00:00,"$13,750,000",25-Sep-24,Priya Nair,Retail,,,,,,
sales_records,SR-1076,client,Hollow Creek Industrial LP,621 Westheimer Drive,,San Francisco,CA,94117,,,2026-08-19T15:51:35.088931+00:00,"$4,150,000",06/07/2024,Wendy Park,Land,,,,,,
sales_records,SR-1077,client,Highland Park Ventures LP,2890 Oak Parkway,Suite 22,Phoenix,AZ,85018,,,2026-08-19T15:51:35.088931+00:00,8750000,2024-08-27,Derek Wu,Industrial,,,,,,
sales_records,SR-1078,client,Silverline Residential LLC,8126 Westheimer Lane,,Atlanta,GA,30303,,,2026-08-19T15:51:35.088931+00:00,6050000,"March 1, 2024",Wendy Park,Industrial,,,,,,
sales_records,SR-1079,client,Vantage Point Group LLC,4752 Oak Street,,Miami,FL,33131,,,2026-08-19T15:51:35.088931+00:00,"$2,150,000",22-Jun-24,Alicia Fox,Land,,,,,,
sales_records,SR-1080,client,Copper Basin Trust,9312 Camelback Avenue,,Memphis,TN,38118,,,2026-08-19T15:51:35.088931+00:00,12700000,07/01/2024,Wendy Park,Multifamily,,,,,,
sales_records,SR-1081,client,Overlook Realty,6653 Commerce Road,,Houston,TX,77006,,,2026-08-19T15:51:35.088931+00:00,"$10,100,000","August 26, 2024",Nathan Ford,Multifamily,,,,,,
sales_records,SR-1082,client,Silverpine Logistics,5410 Independent Road,Floor 30,Memphis,TN,38118,,,2026-08-19T15:51:35.088931+00:00,"$3,500,000",03/28/2024,K. Bennett,Multifamily,,,,,,
sales_records,SR-1083,client,Rosewood Commercial,5900 Tryon Street,,Seattle,WA,98101,,,2026-08-19T15:51:35.088931+00:00,11800000,07-Oct-24,Nathan Ford,Land,,,,,,
sales_records,SR-1084,client,Quarrystone Retail,1946 Harbor Boulevard,,Seattle,WA,98101,,,2026-08-19T15:51:35.088931+00:00,"$12,150,000",30-Dec-24,,Office,,,,,,
sales_records,SR-1085,client,Ironbridge Office,6652 Liberty Lane,,Austin,TX,78701,,,2026-08-19T15:51:35.088931+00:00,800000,2024-06-16,S. Whitfield,Multifamily,,,,,,
sales_records,SR-1086,client,Birchwood Ventures,5105 Bay Lane,Floor 20,Portland,OR,97201,,,2026-08-19T15:51:35.088931+00:00,3050000,18-Oct-24,S. Whitfield,Office,,,,,,
sales_records,SR-1087,client,Greystone Partners Fund,7464 Washington Drive,Floor 8,Austin,TX,78701,,,2026-08-19T15:51:35.088931+00:00,"$11,150,000",2024-05-24,Tom O'Neill,Retail,,,,,,
sales_records,SR-1088,client,Falcon Creek Logistics,9771 Market Road,,Portland,OR,97201,,,2026-08-19T15:51:35.088931+00:00,"$1,200,000",01-Aug-24,Priya Nair,Office,,,,,,
sales_records,SR-1089,client,Coastal Bend Trust,8982 Liberty Avenue,,Miami,FL,33131,,,2026-08-19T15:51:35.088931+00:00,"$12,300,000",2024-12-22,Alicia Fox,Office,,,,,,
sales_records,SR-1090,client,Golden Gate Logistics LLC,8802 Peachtree Avenue,Floor 27,Houston,TX,77006,,,2026-08-19T15:51:35.088931+00:00,13100000,10/06/2024,Wendy Park,Land,,,,,,
sales_records,SR-1091,client,Oakwood Retail,59 Fillmore Road,,Memphis,TN,38118,,,2026-08-19T15:51:35.088931+00:00,2750000,"August 26, 2024",Nathan Ford,Land,,,,,,
sales_records,SR-1092,client,Marlin Bay Industrial,6897 Washington Drive,,Austin,TX,78701,,,2026-08-19T15:51:35.088931+00:00,"$5,050,000","August 28, 2024",Alicia Fox,Industrial,,,,,,
sales_records,SR-1093,client,Stonebridge Office Partners,6194 Highland Street,Suite 19,Nashville,TN,37217-8942,,,2026-08-19T15:51:35.088931+00:00,"$7,950,000","November 15, 2024",,Office,,,,,,
sales_records,SR-1094,client,Falcon Creek Residential,6449 Heritage Avenue,,New Orleans,LA,70130,,,2026-08-19T15:51:35.088931+00:00,14300000,"December 3, 2024",Priya Nair,Land,,,,,,
sales_records,SR-1095,client,Union Pacific Partners Group,3658 Main Parkway,,San Francisco,CA,94117,,,2026-08-19T15:51:35.088931+00:00,"$9,600,000","July 30, 2024",Maria Chen,Office,,,,,,
sales_records,SR-1096,client,Ferngate Residential,1858 Oak Parkway,,Phoenix,AZ,85018,,,2026-08-19T15:51:35.088931+00:00,"$11,900,000",29-Sep-24,Nathan Ford,Land,,,,,,
sales_records,SR-1097,client,Ember Ridge Ventures,2357 Heritage Avenue,,Phoenix,AZ,85018,,,2026-08-19T15:51:35.088931+00:00,"$7,700,000",11/22/2024,Alicia Fox,Multifamily,,,,,,
sales_records,SR-1098,client,Redwood Holdings,6831 Broadway Avenue,Suite 34,san francisco,CA,94117,,,2026-08-19T15:51:35.088931+00:00,"$2,500,000",06/21/2024,R. Delgado,Multifamily,,,,,,
sales_records,SR-1099,client,Hollow Creek Group,7768 Tryon Parkway,Suite 2,New Orleans,LA,70130,,,2026-08-19T15:51:35.088931+00:00,3900000,11/13/2024,Alicia Fox,Retail,,,,,,
sales_records,SR-1100,client,Harborview Ventures,4937 Peachtree Parkway,,Boston,MA,02110,,,2026-08-19T15:51:35.088931+00:00,12400000,"April 4, 2024",Wendy Park,Industrial,,,,,,
sales_records,SR-1101,client,Stonebridge Realty LP,954 Broadway Drive,Suite 25,Nashville,TN,37217,,,2026-08-19T15:51:35.088931+00:00,5900000,2024-07-17,Maria Chen,Retail,,,,,,
sales_records,SR-1102,client,Falcon Creek Office,4187 Fillmore Boulevard,,Boston,MA,02110,,,2026-08-19T15:51:35.088931+00:00,7200000,02/24/2024,Priya Nair,Office,,,,,,
sales_records,SR-1103,client,Nightingale Partners,3130 Riverside Boulevard,Floor 26,Miami,FL,33131-9039,,,2026-08-19T15:51:35.088931+00:00,2550000,10/21/2024,Wendy Park,Multifamily,,,,,,
sales_records,SR-1104,client,Sable Point Logistics,9888 Oak Parkway,,Atlanta,GA,30303,,,2026-08-19T15:51:35.088931+00:00,14450000,"June 19, 2024",Tom O'Neill,Industrial,,,,,,
sales_records,SR-1105,client,Amberleaf Industrial,3092 Fillmore Drive,Floor 13,Denver,CO,80202,,,2026-08-19T15:51:35.088931+00:00,12000000,2024-06-02,,Office,,,,,,
sales_records,SR-1106,client,Birchwood Retail,7856 Tryon Lane,,Portland,OR,97201,,,2026-08-19T15:51:35.088931+00:00,"$1,200,000",02/02/2024,Wendy Park,Office,,,,,,
sales_records,SR-1107,client,Greystone Industrial,3360 Sunset Avenue,,Houston,TX,77006,,,2026-08-19T15:51:35.088931+00:00,"$2,600,000",2024-09-24,J. Alvarez,Multifamily,,,,,,
sales_records,SR-1108,client,Union Pacific Development,5902 Liberty Drive,Suite 1,Memphis,TN,38118,,,2026-08-19T15:51:35.088931+00:00,2400000,03/29/2024,Alicia Fox,Land,,,,,,
sales_records,SR-1109,client,Union Pacific Trust Fund,1625 Meridian Parkway,,Nashville,TN,37217,,,2026-08-19T15:51:35.088931+00:00,6250000,2024-12-13,Maria Chen,Industrial,,,,,,
sales_records,SR-1111,client,Bayshore Development,8015 Century Drive,,Miami,FL,33131,,,2026-08-19T15:51:35.088931+00:00,7700000,25-May-24,Priya Nair,Land,,,,,,
sales_records,SR-1112,client,Copper Basin Industrial,5780 Airport Avenue,,Austin,TX,78701,,,2026-08-19T15:51:35.088931+00:00,"$6,800,000",11/09/2024,K. Bennett,Land,,,,,,
sales_records,SR-1113,client,Millbrook Commercial,8964 Century Avenue,,San Francisco,CA,94117-2846,,,2026-08-19T15:51:35.088931+00:00,"$5,300,000",05/21/2024,,Industrial,,,,,,
sales_records,SR-1114,client,Hearthstone Commercial,8892 Riverside Road,,Phoenix,AZ,85018-1859,,,2026-08-19T15:51:35.088931+00:00,"$3,750,000",2024-08-20,Alicia Fox,Land,,,,,,
sales_records,SR-1115,client,Summit Bay Fund Inc,1227 Riverside Parkway,,Columbus,OH,43215,,,2026-08-19T15:51:35.088931+00:00,10400000,06/15/2024,Tom O'Neill,Office,,,,,,
sales_records,SR-1116,client,Ferngate Office,159 Fillmore Road,,Austin,TX,78701,,,2026-08-19T15:51:35.088931+00:00,"$7,700,000",2024-08-20,,Land,,,,,,
sales_records,SR-1117,client,Bluepeak Partners,8729 Broadway Street,,Columbus,OH,43215,,,2026-08-19T15:51:35.088931+00:00,5150000,2024-08-22,K. Bennett,Multifamily,,,,,,
sales_records,SR-1118,client,Silverline Logistics,7064 Westheimer Street,,San Francisco,CA,94117,,,2026-08-19T15:51:35.088931+00:00,6450000,2024-08-24,J. Alvarez,Multifamily,,,,,,
sales_records,SR-1119,client,Yellowpine Group,1588 Heritage Avenue,,Phoenix,AZ,85018-9701,,,2026-08-19T15:51:35.088931+00:00,"$13,450,000",09/15/2024,Elena Ruiz,Retail,,,,,,
sales_records,SR-1120,client,Canyon Point Properties Group,3154 Heritage Boulevard,,Boston,MA,02110-5994,,,2026-08-19T15:51:35.088931+00:00,"$12,400,000",2024-02-16,Elena Ruiz,Retail,,,,,,
sales_records,SR-1121,client,Twin Rivers Properties,9266 Tryon Lane,,Nashville,TN,37217-2158,,,2026-08-19T15:51:35.088931+00:00,7700000,2024-11-20,Maria Chen,Land,,,,,,
sales_records,SR-1122,client,Quarrystone Capital,6189 Meridian Street,Floor 4,Atlanta,GA,30303,,,2026-08-19T15:51:35.088931+00:00,2500000,2024-02-26,Nathan Ford,Retail,,,,,,
sales_records,SR-1123,client,Pinecrest Retail,164 Airport Street,,Seattle,WA,98101,,,2026-08-19T15:51:35.088931+00:00,7600000,24-Oct-24,Maria Chen,Industrial,,,,,,
sales_records,SR-1124,client,Timberlake Industrial,6535 Congress Boulevard,,Austin,TX,78701,,,2026-08-19T15:51:35.088931+00:00,10200000,03/03/2024,Tom O'Neill,Office,,,,,,
sales_records,SR-1125,client,Brightline Holdings,2302 Market Road,Suite 7,Atlanta,GA,30303,,,2026-08-19T15:51:35.088931+00:00,"$1,350,000",2024-03-25,Elena Ruiz,Multifamily,,,,,,
sales_records,SR-1126,client,Oakwood Holdings,5676 Riverside Street,Suite 15,San Francisco,CA,94117,,,2026-08-19T15:51:35.088931+00:00,14350000,23-Sep-24,Alicia Fox,Retail,,,,,,
sales_records,SR-1127,client,Birchwood Partners,495 Tampa Parkway,,chicago,IL,60601,,,2026-08-19T15:51:35.088931+00:00,12450000,2024-04-26,S. Whitfield,Retail,,,,,,
sales_records,SR-1128,client,Twin Rivers Commercial LLC,1755 Market Street,,Chicago,IL,60601,,,2026-08-19T15:51:35.088931+00:00,"$7,450,000",2024-12-07,J. Alvarez,Industrial,,,,,,
sales_records,SR-1129,client,Crestpoint Holdings LLC,7296 Washington Parkway,,Memphis,TN,38118,,,2026-08-19T15:51:35.088931+00:00,12500000,2024-03-24,,Land,,,,,,
sales_records,SR-1130,client,Northgate Partners,1684 Canal Street,,Memphis,TN,38118,,,2026-08-19T15:51:35.088931+00:00,"$12,100,000",08/30/2024,J. Alvarez,Retail,,,,,,
sales_records,SR-1131,client,Juniper Bend Partners Fund,7071 Industrial Road,Suite 29,Austin,TX,78701,,,2026-08-19T15:51:35.088931+00:00,"$7,900,000",07/01/2024,Tom O'Neill,Office,,,,,,
sales_records,SR-1132,client,Ashgrove Office,8405 Broadway Street,,New Orleans,LA,70130,,,2026-08-19T15:51:35.088931+00:00,"$11,700,000","November 4, 2024",,Industrial,,,,,,
sales_records,SR-1133,client,Kestrel Development,212 Bannock Drive,,Atlanta,GA,30303,,,2026-08-19T15:51:35.088931+00:00,4950000,14-Feb-24,Elena Ruiz,Retail,,,,,,
sales_records,SR-1134,client,Marlin Bay Office Partners,1397 Tryon Road,Floor 31,Atlanta,GA,30303,,,2026-08-19T15:51:35.088931+00:00,"$7,750,000",25-Sep-24,Priya Nair,Retail,,,,,,
sales_records,SR-1135,client,Quarrystone Holdings,2788 Highland Avenue,,New Orleans,LA,70130,,,2026-08-19T15:51:35.088931+00:00,"$6,500,000",01/22/2024,S. Whitfield,Multifamily,,,,,,
sales_records,SR-1136,client,Ironbridge Partners LP,4531 Broadway Boulevard,Suite 32,Atlanta,GA,30303,,,2026-08-19T15:51:35.088931+00:00,10050000,18-Dec-24,R. Delgado,Multifamily,,,,,,
sales_records,SR-1137,client,Falcon Creek Industrial LLC,1270 Washington Boulevard,,Nashville,TN,37217-5252,,,2026-08-19T15:51:35.088931+00:00,"$9,900,000","October 21, 2024",R. Delgado,Industrial,,,,,,
sales_records,SR-1138,client,Bluepeak Realty,8133 Camelback Drive,,Boston,MA,02110,,,2026-08-19T15:51:35.088931+00:00,"$14,700,000","February 9, 2024",R. Delgado,Industrial,,,,,,
sales_records,SR-1139,client,Silverpine Office,2229 Independent Street,,Denver,CO,80202,,,2026-08-19T15:51:35.088931+00:00,"$13,200,000",2024-09-30,Priya Nair,Land,,,,,,
sales_records,SR-1140,client,Ember Ridge Realty,9748 Canal Boulevard,,Atlanta,GA,30303,,,2026-08-19T15:51:35.088931+00:00,"$3,700,000",11/10/2024,Priya Nair,Office,,,,,,
sales_records,SR-1141,client,Amberleaf Properties,8054 Tryon Boulevard,,Memphis,TN,38118,,,2026-08-19T15:51:35.088931+00:00,1500000,08/14/2024,Wendy Park,Retail,,,,,,
sales_records,SR-1142,client,Nightingale Retail LLC,4602 Sunset Boulevard,Suite 28,Atlanta,GA,30303,,,2026-08-19T15:51:35.088931+00:00,"$3,550,000",12/19/2024,S. Whitfield,Office,,,,,,
sales_records,SR-1143,client,Windermere Partners Inc,2290 Independent Avenue,,Nashville,TN,37217,,,2026-08-19T15:51:35.088931+00:00,7900000,"March 4, 2024",K. Bennett,Land,,,,,,
sales_records,SR-1144,client,Willowbrook Logistics,9549 Sunset Road,Suite 34,Nashville,TN,37217,,,2026-08-19T15:51:35.088931+00:00,3300000,21-Apr-24,Alicia Fox,Retail,,,,,,
sales_records,SR-1145,client,Overlook Fund LLC,1402 Union Parkway,Floor 25,Seattle,WA,98101,,,2026-08-19T15:51:35.088931+00:00,"$14,100,000","August 5, 2024",K. Bennett,Office,,,,,,
sales_records,SR-1146,client,Bayshore Properties,5826 Airport Lane,,Boston,MA,02110,,,2026-08-19T15:51:35.088931+00:00,"$11,750,000",08/21/2024,Tom O'Neill,Industrial,,,,,,
sales_records,SR-1147,client,Nightingale Investors,735 Sunset Parkway,,Houston,TX,77006,,,2026-08-19T15:51:35.088931+00:00,3400000,2024-02-23,,Retail,,,,,,
sales_records,SR-1148,client,Bayshore Capital,7062 Union Street,,Chicago,IL,60601,,,2026-08-19T15:51:35.088931+00:00,7750000,03-Mar-24,R. Delgado,Land,,,,,,
sales_records,SR-1149,client,Meridian Fund Inc,4249 Grant Road,,Denver,CO,80202,,,2026-08-19T15:51:35.088931+00:00,"$1,550,000",03/16/2024,Tom O'Neill,Office,,,,,,
sales_records,SR-1150,client,Windermere Trust,8509 Grant Drive,,San Francisco,CA,94117,,,2026-08-19T15:51:35.088931+00:00,13400000,2024-03-19,Tom O'Neill,Multifamily,,,,,,
sales_records,SR-1151,client,Crestpoint Retail,6418 Harbor Parkway,,Chicago,IL,60601,,,2026-08-19T15:51:35.088931+00:00,"$10,600,000",03-Oct-24,J. Alvarez,Office,,,,,,
sales_records,SR-1152,client,Copperfield Investors,6825 Market Street,,Memphis,TN,38118,,,2026-08-19T15:51:35.088931+00:00,13350000,27-Dec-24,Priya Nair,Land,,,,,,
sales_records,SR-1153,client,Willowbrook Industrial,5716 Meridian Street,,Nashville,TN,37217,,,2026-08-19T15:51:35.088931+00:00,4050000,"July 12, 2024",Alicia Fox,Office,,,,,,
sales_records,SR-1154,client,Cascade Logistics,9052 Airport Boulevard,,Austin,TX,78701,,,2026-08-19T15:51:35.088931+00:00,8750000,08/07/2024,Maria Chen,Industrial,,,,,,
sales_records,SR-1155,client,Vantage Point Fund,7090 Sunset Street,Floor 37,Seattle,WA,98101,,,2026-08-19T15:51:35.088931+00:00,10450000,"September 20, 2024",Tom O'Neill,Office,,,,,,
sales_records,SR-1156,client,Ironwood Group,3381 Tampa Parkway,,Boston,MA,02110,,,2026-08-19T15:51:35.088931+00:00,2700000,2024-12-07,J. Alvarez,Industrial,,,,,,
sales_records,SR-1157,client,Blackthorn Development,1035 Union Parkway,Suite 38,San Francisco,CA,94117,,,2026-08-19T15:51:35.088931+00:00,9650000,"February 18, 2024",S. Whitfield,Multifamily,,,,,,
sales_records,SR-1158,client,Lakeshore Investors,8806 Westheimer Boulevard,,Miami,FL,33131,,,2026-08-19T15:51:35.088931+00:00,14000000,08-May-24,Wendy Park,Multifamily,,,,,,
sales_records,SR-1159,client,Maple Crest Ventures,3238 Harbor Street,,Chicago,IL,60601,,,2026-08-19T15:51:35.088931+00:00,"$6,950,000","August 10, 2024",Elena Ruiz,Industrial,,,,,,
sales_records,SR-1160,client,Bayshore Commercial,9627 Bay Boulevard,,Atlanta,GA,30303,,,2026-08-19T15:51:35.088931+00:00,"$6,900,000",2024-07-30,,Industrial,,,,,,
sales_records,SR-1161,client,Brightline Investors Inc,2326 Liberty Drive,,San Francisco,CA,94117,,,2026-08-19T15:51:35.088931+00:00,"$14,850,000",11/27/2024,Tom O'Neill,Office,,,,,,
sales_records,SR-1162,client,Amberleaf Investors,9781 Canal Road,,Atlanta,GA,30303,,,2026-08-19T15:51:35.088931+00:00,"$3,100,000",2024-06-01,Alicia Fox,Land,,,,,,
sales_records,SR-1163,client,Hearthstone Holdings,6941 Westheimer Drive,,Atlanta,GA,30303,,,2026-08-19T15:51:35.088931+00:00,9200000,25-Sep-24,Wendy Park,Retail,,,,,,
sales_records,SR-1164,client,Delta Ridge Capital,5164 Industrial Road,Suite 18,Austin,TX,78701,,,2026-08-19T15:51:35.088931+00:00,"$3,650,000",13-Aug-24,Derek Wu,Industrial,,,,,,
sales_records,SR-1165,client,Valley Forge Investors Partners,5892 Main Drive,,Columbus,OH,43215,,,2026-08-19T15:51:35.088931+00:00,2150000,2024-07-07,Elena Ruiz,Industrial,,,,,,
sales_records,SR-1166,client,Steelyard Office,3206 Highland Road,,Austin,TX,78701,,,2026-08-19T15:51:35.088931+00:00,10850000,"December 16, 2024",Derek Wu,Industrial,,,,,,
sales_records,SR-1167,client,Ironwood Industrial,8119 Broadway Lane,,New Orleans,LA,70130,,,2026-08-19T15:51:35.088931+00:00,2850000,19-Nov-24,Elena Ruiz,Industrial,,,,,,
sales_records,SR-1168,client,Hearthstone Realty,6819 Industrial Drive,,Nashville,TN,37217,,,2026-08-19T15:51:35.088931+00:00,"$9,150,000",03/23/2024,R. Delgado,Retail,,,,,,
sales_records,SR-1169,client,Larkspur Logistics,3693 Summit Boulevard,Floor 13,Memphis,TN,38118,,,2026-08-19T15:51:35.088931+00:00,4100000,17-Nov-24,Nathan Ford,Multifamily,,,,,,
sales_records,SR-1170,client,Crestpoint Commercial,8908 Washington Road,Floor 19,Portland,OR,97201,,,2026-08-19T15:51:35.088931+00:00,"$6,500,000",04/11/2024,R. Delgado,Land,,,,,,
sales_records,SR-1172,client,Crestpoint Realty Inc,7378 Yale Boulevard,,Columbus,OH,43215,,,2026-08-19T15:51:35.088931+00:00,8150000,10-Dec-24,Derek Wu,Land,,,,,,
sales_records,SR-1173,client,Fairview Trust,1435 Industrial Parkway,,Miami,FL,33131,,,2026-08-19T15:51:35.088931+00:00,12300000,"April 6, 2024",R. Delgado,Multifamily,,,,,,
sales_records,SR-1174,client,Maple Crest Trust Group,3892 Fillmore Parkway,,Denver,CO,80202,,,2026-08-19T15:51:35.088931+00:00,3200000,12/20/2024,Derek Wu,Multifamily,,,,,,
sales_records,SR-1175,client,Hollow Creek Partners,9788 Summit Avenue,,Memphis,TN,38118,,,2026-08-19T15:51:35.088931+00:00,10900000,2024-11-02,K. Bennett,Office,,,,,,
sales_records,SR-1176,client,Pinecrest Group Inc,4412 Broadway Drive,,Houston,TX,77006,,,2026-08-19T15:51:35.088931+00:00,"$8,800,000",2024-06-22,S. Whitfield,Industrial,,,,,,
sales_records,SR-1177,client,Twin Rivers Development,1247 Market Drive,,Nashville,TN,37217,,,2026-08-19T15:51:35.088931+00:00,13350000,2024-11-09,R. Delgado,Multifamily,,,,,,
sales_records,SR-1178,client,Ashgrove Partners,4568 Washington Drive,Suite 31,New Orleans,LA,70130,,,2026-08-19T15:51:35.088931+00:00,"$12,100,000",13-May-24,Maria Chen,Retail,,,,,,
sales_records,SR-1179,client,Delta Ridge Investors,5372 Main Parkway,,Nashville,TN,37217,,,2026-08-19T15:51:35.088931+00:00,6200000,04/02/2024,Alicia Fox,Retail,,,,,,
sales_records,SR-1180,client,Twin Rivers Trust,1536 Harbor Lane,,Portland,OR,97201,,,2026-08-19T15:51:35.088931+00:00,10350000,12/12/2024,Priya Nair,Office,,,,,,
sales_records,SR-1181,client,Windermere Residential,4499 Market Lane,,Miami,FL,33131,,,2026-08-19T15:51:35.088931+00:00,"$12,350,000",2024-08-20,J. Alvarez,Industrial,,,,,,
sales_records,SR-1182,client,Silverline Realty LP,5015 Grant Drive,Floor 6,Seattle,WA,98101,,,2026-08-19T15:51:35.088931+00:00,"$4,950,000",23-Jul-24,R. Delgado,Retail,,,,,,
sales_records,SR-1183,client,Larkspur Fund,1504 Union Street,,Seattle,WA,98101,,,2026-08-19T15:51:35.088931+00:00,"$5,900,000",07-Jun-24,Alicia Fox,Land,,,,,,
sales_records,SR-1184,client,Hearthstone Group,162 Main Lane,,Nashville,TN,37217,,,2026-08-19T15:51:35.088931+00:00,6500000,2024-11-10,K. Bennett,Land,,,,,,
sales_records,SR-1185,client,Crestpoint Properties,1985 Commerce Lane,Floor 20,Chicago,IL,60601,,,2026-08-19T15:51:35.088931+00:00,2000000,03/17/2024,K. Bennett,Multifamily,,,,,,
sales_records,SR-1186,client,Zenith Point Properties,9238 Main Road,,new orleans,LA,70130,,,2026-08-19T15:51:35.088931+00:00,"$12,600,000",2024-05-09,J. Alvarez,Office,,,,,,
sales_records,SR-1187,client,Driftwood Development,3500 Peachtree Drive,,San Francisco,CA,94117,,,2026-08-19T15:51:35.088931+00:00,"$5,550,000",08/20/2024,Alicia Fox,Industrial,,,,,,
sales_records,SR-1188,client,Oakwood Development Fund,9669 Highland Boulevard,,Denver,CO,80202,,,2026-08-19T15:51:35.088931+00:00,"$13,250,000","January 3, 2024",Wendy Park,Multifamily,,,,,,
sales_records,SR-1189,client,Summit Bay Holdings LLC,9322 Broadway Boulevard,Suite 8,Miami,FL,33131,,,2026-08-19T15:51:35.088931+00:00,11950000,2024-01-09,Tom O'Neill,Retail,,,,,,
sales_records,SR-1190,client,Quarrystone Logistics,2840 Meridian Parkway,Suite 29,New Orleans,LA,70130,,,2026-08-19T15:51:35.088931+00:00,"$10,800,000",09/05/2024,Wendy Park,Multifamily,,,,,,
sales_records,SR-1191,client,Quailridge Trust,283 Congress Street,,Denver,CO,80202,,,2026-08-19T15:51:35.088931+00:00,"$13,250,000",11/01/2024,Elena Ruiz,Land,,,,,,
sales_records,SR-1192,client,Quarrystone Residential Partners,8818 Peachtree Boulevard,,New Orleans,LA,70130,,,2026-08-19T15:51:35.088931+00:00,"$4,900,000",2024-08-01,Tom O'Neill,Retail,,,,,,
sales_records,SR-1193,client,Driftwood Group,2887 Bay Street,,San Francisco,CA,94117,,,2026-08-19T15:51:35.088931+00:00,10750000,"November 4, 2024",Priya Nair,Land,,,,,,
sales_records,SR-1194,client,Kestrel Group,2258 Main Avenue,Floor 9,San Francisco,CA,94117,,,2026-08-19T15:51:35.088931+00:00,"$8,550,000",03/29/2024,Nathan Ford,Industrial,,,,,,
sales_records,SR-1195,client,Windermere Industrial,5690 Heritage Road,,Nashville,TN,37217-2043,,,2026-08-19T15:51:35.088931+00:00,"$13,250,000","September 14, 2024",J. Alvarez,Land,,,,,,
sales_records,SR-1196,client,Driftwood Realty LLC,9457 Congress Drive,,Memphis,TN,38118,,,2026-08-19T15:51:35.089936+00:00,3600000,09/20/2024,J. Alvarez,Land,,,,,,
sales_records,SR-1197,client,Twin Rivers Office,52 Oak Parkway,,New Orleans,LA,70130,,,2026-08-19T15:51:35.089936+00:00,"$3,300,000","July 4, 2024",Priya Nair,Office,,,,,,
sales_records,SR-1198,client,Foundry Square Commercial,211 Tryon Street,,Miami,FL,33131,,,2026-08-19T15:51:35.089936+00:00,10300000,04-Jan-24,R. Delgado,Retail,,,,,,
sales_records,SR-1199,client,Brightline Ventures,5973 Highland Avenue,,Nashville,TN,37217,,,2026-08-19T15:51:35.089936+00:00,10050000,26-Apr-24,J. Alvarez,Land,,,,,,
sales_records,SR-1200,client,Maple Crest Group,4454 Congress Road,,Chicago,IL,60601,,,2026-08-19T15:51:35.089936+00:00,2250000,"March 25, 2024",R. Delgado,Land,,,,,,
sales_records,SR-1201,client,Vantage Point Industrial,1966 Liberty Lane,,Chicago,IL,60601-5583,,,2026-08-19T15:51:35.089936+00:00,6050000,25-Jun-24,R. Delgado,Multifamily,,,,,,
sales_records,SR-1202,client,Millbrook Capital,5685 Main Boulevard,Floor 25,New Orleans,LA,70130,,,2026-08-19T15:51:35.089936+00:00,9500000,2024-03-05,,Land,,,,,,
sales_records,SR-1203,client,Millbrook Ventures LLC,6174 Independent Street,,Columbus,OH,43215,,,2026-08-19T15:51:35.089936+00:00,"$3,950,000",08/04/2024,Alicia Fox,Office,,,,,,
sales_records,SR-1204,client,Ironwood Partners,1534 Oak Avenue,,Memphis,TN,38118,,,2026-08-19T15:51:35.089936+00:00,"$9,750,000",2024-10-24,K. Bennett,Retail,,,,,,
sales_records,SR-1205,client,Rosewood Realty,8525 Broadway Lane,Floor 30,Phoenix,AZ,85018,,,2026-08-19T15:51:35.089936+00:00,"$4,100,000",20-Feb-24,,Land,,,,,,
sales_records,SR-1206,client,Overlook Holdings,6112 Harbor Lane,,Phoenix,AZ,85018,,,2026-08-19T15:51:35.089936+00:00,"$4,950,000",2024-05-15,Tom O'Neill,Retail,,,,,,
sales_records,SR-1207,client,Ember Ridge Development,1030 Commerce Lane,,Houston,TX,77006,,,2026-08-19T15:51:35.089936+00:00,3800000,21-Dec-24,Nathan Ford,Land,,,,,,
sales_records,SR-1209,client,Falcon Creek Retail,2703 Industrial Drive,Floor 37,Denver,CO,80202,,,2026-08-19T15:51:35.089936+00:00,4150000,07-Jun-24,R. Delgado,Multifamily,,,,,,
sales_records,SR-1210,client,Prairie Wind Industrial,4076 Jefferson Drive,Floor 25,San Francisco,CA,94117,,,2026-08-19T15:51:35.089936+00:00,7900000,2024-04-29,Alicia Fox,Industrial,,,,,,
sales_records,SR-1211,client,Overlook Partners,6573 Washington Lane,,Boston,MA,02110,,,2026-08-19T15:51:35.089936+00:00,12950000,04/08/2024,K. Bennett,Retail,,,,,,
sales_records,SR-1212,client,Silverpine Partners,1386 Yale Parkway,Floor 6,Seattle,WA,98101,,,2026-08-19T15:51:35.089936+00:00,"$11,950,000",09/30/2024,Nathan Ford,Multifamily,,,,,,
sales_records,SR-1213,client,Marlin Bay Residential,5442 Bay Street,Suite 19,Phoenix,AZ,85018,,,2026-08-19T15:51:35.089936+00:00,2300000,"March 14, 2024",Wendy Park,Office,,,,,,
sales_records,SR-1214,client,Pinnacle Logistics,7000 Westheimer Boulevard,Floor 17,Atlanta,GA,30303,,,2026-08-19T15:51:35.089936+00:00,"$6,850,000",11-Jul-24,S. Whitfield,Office,,,,,,
sales_records,SR-1215,client,Ashford Logistics,3076 Tampa Boulevard,Suite 27,Boston,MA,02110,,,2026-08-19T15:51:35.089936+00:00,7100000,2024-11-20,Elena Ruiz,Multifamily,,,,,,
sales_records,SR-1216,client,Canyon Point Partners,2445 Oak Road,Suite 24,Nashville,TN,37217,,,2026-08-19T15:51:35.089936+00:00,"$12,350,000",03-Oct-24,Alicia Fox,Industrial,,,,,,
sales_records,SR-1217,client,Bluepeak Logistics,4036 Bannock Drive,Floor 18,Houston,TX,77006,,,2026-08-19T15:51:35.089936+00:00,"$1,950,000",11/02/2024,Elena Ruiz,Office,,,,,,
sales_records,SR-1218,client,Delta Ridge Group,3277 Heritage Avenue,,Atlanta,GA,30303,,,2026-08-19T15:51:35.089936+00:00,7450000,09-Aug-24,R. Delgado,Industrial,,,,,,
sales_records,SR-1219,client,Birchwood Residential LLC,5279 Highland Boulevard,,new orleans,LA,70130,,,2026-08-19T15:51:35.089936+00:00,"$5,200,000",09-Jan-24,K. Bennett,Office,,,,,,
sales_records,SR-1220,client,Coastal Bend Office,6373 Jefferson Parkway,Suite 29,Miami,FL,33131,,,2026-08-19T15:51:35.089936+00:00,"$1,000,000","December 10, 2024",Tom O'Neill,Office,,,,,,
sales_records,SR-1221,client,Juniper Bend Development,2856 Westheimer Avenue,Floor 13,Miami,FL,33131,,,2026-08-19T15:51:35.089936+00:00,"$10,050,000",16-Feb-24,Wendy Park,Land,,,,,,
sales_records,SR-1222,client,Nightingale Ventures,8074 Summit Boulevard,,Boston,MA,02110,,,2026-08-19T15:51:35.089936+00:00,"$5,250,000",2024-07-21,Priya Nair,Industrial,,,,,,
sales_records,SR-1223,client,Sagebrush Partners,8045 Oak Street,,Austin,TX,78701,,,2026-08-19T15:51:35.089936+00:00,850000,05/20/2024,Nathan Ford,Multifamily,,,,,,
sales_records,SR-1224,client,Larkspur Office Fund,3821 Grant Street,Floor 32,Columbus,OH,43215,,,2026-08-19T15:51:35.089936+00:00,"$12,250,000",04-Jul-24,Maria Chen,Land,,,,,,
sales_records,SR-1225,client,Twin Rivers Group,7841 Main Boulevard,Floor 5,New Orleans,LA,70130,,,2026-08-19T15:51:35.089936+00:00,11850000,"May 7, 2024",Derek Wu,Office,,,,,,
sales_records,SR-1226,client,Elm Hollow Properties LLC,3310 Canal Boulevard,,Phoenix,AZ,85018,,,2026-08-19T15:51:35.089936+00:00,12200000,06/19/2024,J. Alvarez,Multifamily,,,,,,
sales_records,SR-1228,client,Sable Point Properties,2430 Peachtree Parkway,,Columbus,OH,43215,,,2026-08-19T15:51:35.089936+00:00,"$5,700,000",11/13/2024,Maria Chen,Land,,,,,,
sales_records,SR-1229,client,Marlin Bay Fund,8632 Washington Street,,Denver,CO,80202,,,2026-08-19T15:51:35.089936+00:00,4300000,11/22/2024,Alicia Fox,Multifamily,,,,,,
sales_records,SR-1230,client,Blackthorn Ventures,6491 Union Boulevard,,Chicago,IL,60601,,,2026-08-19T15:51:35.089936+00:00,10200000,2024-10-25,,Land,,,,,,
sales_records,SR-1231,client,Stonebridge Investors LLC,39 Sunset Parkway,Floor 13,San Francisco,CA,94117,,,2026-08-19T15:51:35.089936+00:00,12750000,"April 12, 2024",Alicia Fox,Industrial,,,,,,
sales_records,SR-1232,client,Summit Bay Investors Inc,9307 Oak Avenue,Floor 3,Portland,OR,97201,,,2026-08-19T15:51:35.089936+00:00,13100000,"September 10, 2024",Elena Ruiz,Retail,,,,,,
sales_records,SR-1233,client,Valley Forge Holdings Group,1284 Tryon Boulevard,Suite 5,Chicago,IL,60601-2887,,,2026-08-19T15:51:35.089936+00:00,1900000,2024-07-02,Priya Nair,Retail,,,,,,
sales_records,SR-1234,client,Twin Rivers Partners Inc,30 Riverside Drive,,Denver,CO,80202,,,2026-08-19T15:51:35.089936+00:00,"$4,300,000",10/10/2024,Derek Wu,Industrial,,,,,,
sales_records,SR-1235,client,Pinnacle Ventures,1671 Meridian Parkway,,Atlanta,GA,30303,,,2026-08-19T15:51:35.089936+00:00,4450000,2024-03-28,Derek Wu,Land,,,,,,
sales_records,SR-1236,client,Valley Forge Partners Partners,9480 Grant Avenue,,Miami,FL,33131,,,2026-08-19T15:51:35.089936+00:00,"$4,600,000",11/21/2024,S. Whitfield,Retail,,,,,,
sales_records,SR-1237,client,Thornfield Holdings,1217 Oak Boulevard,,Nashville,TN,37217,,,2026-08-19T15:51:35.089936+00:00,10700000,"April 17, 2024",Tom O'Neill,Retail,,,,,,
sales_records,SR-1238,client,Ferngate Investors,5231 Yale Street,,Columbus,OH,43215,,,2026-08-19T15:51:35.089936+00:00,"$6,100,000",2024-09-10,Derek Wu,Multifamily,,,,,,
sales_records,SR-1239,client,Redwood Industrial,5610 Airport Drive,,Denver,CO,80202,,,2026-08-19T15:51:35.089936+00:00,12150000,2024-03-21,Tom O'Neill,Land,,,,,,
sales_records,SR-1240,client,Brightline Group,1238 Market Boulevard,,austin,TX,78701,,,2026-08-19T15:51:35.089936+00:00,7550000,"July 28, 2024",S. Whitfield,Land,,,,,,
sales_records,SR-1241,client,Juniper Bend Retail LLC,7919 Elm Drive,,Houston,TX,77006,,,2026-08-19T15:51:35.089936+00:00,"$7,200,000","April 26, 2024",Alicia Fox,Retail,,,,,,
sales_records,SR-1242,client,Windermere Logistics,2713 Commerce Avenue,,Seattle,WA,98101-5906,,,2026-08-19T15:51:35.089936+00:00,"$1,100,000",2024-05-13,Derek Wu,Retail,,,,,,
sales_records,SR-1243,client,Maple Crest Logistics,4622 Independent Avenue,Floor 30,Seattle,WA,98101,,,2026-08-19T15:51:35.089936+00:00,"$6,150,000",06/23/2024,Alicia Fox,Retail,,,,,,
sales_records,SR-1244,client,Ashford Investors,72 Commerce Street,,Chicago,IL,60601,,,2026-08-19T15:51:35.089936+00:00,"$14,550,000",12/03/2024,J. Alvarez,Retail,,,,,,
sales_records,SR-1245,client,Palmetto Coast Office,9843 Meridian Avenue,,Memphis,TN,38118,,,2026-08-19T15:51:35.089936+00:00,"$10,800,000",18-Nov-24,Maria Chen,Industrial,,,,,,
sales_records,SR-1246,client,Greystone Capital,1503 Summit Drive,,Memphis,TN,38118,,,2026-08-19T15:51:35.089936+00:00,"$1,450,000",02/17/2024,Elena Ruiz,Industrial,,,,,,
sales_records,SR-1247,client,Ironwood Development Inc,7629 Yale Avenue,,Nashville,TN,37217-9495,,,2026-08-19T15:51:35.089936+00:00,"$3,600,000",20-Aug-24,Maria Chen,Multifamily,,,,,,
sales_records,SR-1248,client,Sable Point Partners,4410 Riverside Avenue,Suite 20,Miami,FL,33131,,,2026-08-19T15:51:35.089936+00:00,5950000,09-Aug-24,J. Alvarez,Retail,,,,,,
sales_records,SR-1249,client,Quailridge Commercial,1594 Market Lane,,Portland,OR,97201,,,2026-08-19T15:51:35.089936+00:00,"$3,100,000",06-May-24,Wendy Park,Industrial,,,,,,
sales_records,SR-1250,client,Ironwood Holdings,3737 Riverside Parkway,,Houston,TX,77006,,,2026-08-19T15:51:35.089936+00:00,5450000,07/31/2024,J. Alvarez,Retail,,,,,,
sales_records,SR-1251,client,Underhill Office,8477 Peachtree Street,,Phoenix,AZ,85018,,,2026-08-19T15:51:35.089936+00:00,"$13,400,000",10/02/2024,Maria Chen,Office,,,,,,
sales_records,SR-1253,client,Sable Point Investors,6520 Lakeshore Parkway,Floor 32,New Orleans,LA,70130-9985,,,2026-08-19T15:51:35.089936+00:00,7900000,2024-08-24,Alicia Fox,Office,,,,,,
sales_records,SR-1254,client,Bluepeak Properties,1664 Bannock Parkway,,Houston,TX,77006-1183,,,2026-08-19T15:51:35.089936+00:00,1650000,2024-03-27,J. Alvarez,Land,,,,,,
sales_records,SR-1256,client,Greystone Residential LLC,7965 Meridian Street,,Atlanta,GA,30303,,,2026-08-19T15:51:35.089936+00:00,"$5,050,000",04/08/2024,Nathan Ford,Land,,,,,,
sales_records,SR-1257,client,Kestrel Trust Inc,2211 Independent Lane,,Boston,MA,02110,,,2026-08-19T15:51:35.089936+00:00,"$8,850,000",2024-07-21,Maria Chen,Industrial,,,,,,
sales_records,SR-1258,client,Quailridge Partners,6681 Century Parkway,Suite 27,Boston,MA,02110,,,2026-08-19T15:51:35.089936+00:00,9100000,03-Jun-24,Wendy Park,Retail,,,,,,
sales_records,SR-1259,client,Northgate Development,6136 Riverside Road,,new orleans,LA,70130,,,2026-08-19T15:51:35.089936+00:00,"$12,250,000",2024-06-11,Wendy Park,Office,,,,,,
sales_records,SR-1260,client,Ashford Ventures,7488 Riverside Boulevard,,Columbus,OH,43215,,,2026-08-19T15:51:35.089936+00:00,"$13,550,000",2024-06-07,R. Delgado,Office,,,,,,
sales_records,SR-1261,client,Ferngate Fund,7785 Jefferson Boulevard,,Miami,FL,33131,,,2026-08-19T15:51:35.089936+00:00,14100000,15-Aug-24,S. Whitfield,Office,,,,,,
sales_records,SR-1262,client,Greystone Properties,9385 Fillmore Parkway,,Miami,FL,33131,,,2026-08-19T15:51:35.089936+00:00,6450000,15-Apr-24,Priya Nair,Multifamily,,,,,,
sales_records,SR-1263,client,Overlook Properties,3698 Fillmore Boulevard,,Boston,MA,02110-3318,,,2026-08-19T15:51:35.089936+00:00,"$6,000,000",04/08/2024,Tom O'Neill,Industrial,,,,,,
sales_records,SR-1264,client,Pinnacle Office,6719 Liberty Street,,Seattle,WA,98101,,,2026-08-19T15:51:35.089936+00:00,"$13,100,000","November 6, 2024",Priya Nair,Multifamily,,,,,,
sales_records,SR-1265,client,Driftwood Industrial,155 Meridian Avenue,,Miami,FL,33131,,,2026-08-19T15:51:35.089936+00:00,8450000,2024-03-20,Priya Nair,Industrial,,,,,,
sales_records,SR-1266,client,Maple Crest Office,2847 Main Avenue,Floor 5,Seattle,WA,98101,,,2026-08-19T15:51:35.089936+00:00,13600000,"June 19, 2024",Elena Ruiz,Multifamily,,,,,,
sales_records,SR-1267,client,Copper Basin Holdings LLC,5014 Tampa Drive,,Memphis,TN,38118,,,2026-08-19T15:51:35.089936+00:00,5750000,"November 24, 2024",Wendy Park,Industrial,,,,,,
sales_records,SR-1268,client,Elm Hollow Development,6178 Jefferson Drive,,Phoenix,AZ,85018-7313,,,2026-08-19T15:51:35.089936+00:00,10050000,12/22/2024,R. Delgado,Retail,,,,,,
sales_records,SR-1269,client,Amberleaf Commercial,130 Liberty Lane,,Denver,CO,80202,,,2026-08-19T15:51:35.089936+00:00,3150000,10-May-24,Alicia Fox,Office,,,,,,
sales_records,SR-1270,client,Copper Basin Logistics,6141 Bannock Boulevard,,Miami,FL,33131,,,2026-08-19T15:51:35.089936+00:00,"$3,050,000","August 6, 2024",S. Whitfield,Retail,,,,,,
sales_records,SR-1271,client,Rosewood Capital LLC,1781 Meridian Street,,Seattle,WA,98101,,,2026-08-19T15:51:35.089936+00:00,8150000,2024-03-27,Priya Nair,Retail,,,,,,
sales_records,SR-1272,client,Overlook Development Inc,4539 Lakeshore Parkway,,Chicago,IL,60601,,,2026-08-19T15:51:35.089936+00:00,7400000,18-Aug-24,Alicia Fox,Office,,,,,,
sales_records,SR-1273,client,Northgate Ventures,9382 Camelback Boulevard,Floor 8,San Francisco,CA,94117-1486,,,2026-08-19T15:51:35.089936+00:00,"$2,350,000",05/21/2024,J. Alvarez,Office,,,,,,
sales_records,SR-1274,client,Birchwood Logistics,2795 Westheimer Boulevard,,Memphis,TN,38118,,,2026-08-19T15:51:35.089936+00:00,"$9,400,000","September 23, 2024",Derek Wu,Industrial,,,,,,
sales_records,SR-1275,client,Driftwood Properties,7723 Canal Lane,Floor 22,Denver,CO,80202-7583,,,2026-08-19T15:51:35.089936+00:00,"$14,350,000",2024-02-21,Alicia Fox,Multifamily,,,,,,
sales_records,SR-1276,client,Twin Rivers Retail LP,3669 Independent Drive,Floor 2,Chicago,IL,60601,,,2026-08-19T15:51:35.089936+00:00,"$13,200,000",11/20/2024,Tom O'Neill,Office,,,,,,
sales_records,SR-1277,client,Ferngate Group,5438 Washington Boulevard,Suite 34,Portland,OR,97201,,,2026-08-19T15:51:35.089936+00:00,14800000,19-Oct-24,Tom O'Neill,Office,,,,,,
sales_records,SR-1278,client,Juniper Bend Trust,4827 Harbor Parkway,Suite 6,Houston,TX,77006,,,2026-08-19T15:51:35.089936+00:00,"$7,950,000","February 24, 2024",R. Delgado,Office,,,,,,
sales_records,SR-1279,client,Ironwood Retail,7719 Riverside Parkway,,Denver,CO,80202,,,2026-08-19T15:51:35.089936+00:00,2450000,08-Sep-24,Wendy Park,Multifamily,,,,,,
sales_records,SR-1280,client,Highland Park Holdings LLC,6263 Heritage Boulevard,,Miami,FL,33131,,,2026-08-19T15:51:35.089936+00:00,5600000,08/11/2024,Priya Nair,Industrial,,,,,,
sales_records,SR-1281,client,Larkspur Capital,895 Peachtree Avenue,Suite 38,Atlanta,GA,30303,,,2026-08-19T15:51:35.089936+00:00,4000000,2024-10-01,J. Alvarez,Land,,,,,,
sales_records,SR-1282,client,Coastal Bend Industrial,87 Industrial Boulevard,,Columbus,OH,43215,,,2026-08-19T15:51:35.089936+00:00,1650000,"May 31, 2024",Wendy Park,Office,,,,,,
sales_records,SR-1283,client,Valley Forge Ventures,2772 Airport Drive,,Boston,MA,02110,,,2026-08-19T15:51:35.089936+00:00,"$9,300,000",2024-11-19,Derek Wu,Office,,,,,,
sales_records,SR-1284,client,Twin Rivers Industrial,6290 Main Street,,Nashville,TN,37217,,,2026-08-19T15:51:35.089936+00:00,"$9,400,000",19-Jul-24,Elena Ruiz,Multifamily,,,,,,
sales_records,SR-1285,client,Bluepeak Holdings,3277 Washington Street,Suite 36,New Orleans,LA,70130,,,2026-08-19T15:51:35.089936+00:00,"$8,550,000",2024-07-20,Tom O'Neill,Multifamily,,,,,,
sales_records,SR-1286,client,Juniper Bend Capital,5289 Heritage Avenue,Suite 1,Phoenix,AZ,85018,,,2026-08-19T15:51:35.089936+00:00,11700000,2024-07-04,Maria Chen,Industrial,,,,,,
sales_records,SR-1287,client,Crestpoint Fund,77 Tryon Avenue,Floor 38,columbus,OH,43215,,,2026-08-19T15:51:35.089936+00:00,"$13,300,000",2024-08-10,Elena Ruiz,Office,,,,,,
sales_records,SR-1288,client,Ashgrove Industrial,5651 Independent Avenue,,San Francisco,CA,94117,,,2026-08-19T15:51:35.089936+00:00,"$13,800,000",20-May-24,Wendy Park,Office,,,,,,
sales_records,SR-1289,client,Golden Gate Office,323 Grant Avenue,,Atlanta,GA,30303,,,2026-08-19T15:51:35.089936+00:00,"$14,550,000",11/26/2024,K. Bennett,Land,,,,,,
sales_records,SR-1290,client,Summit Bay Retail,6016 Oak Drive,,Denver,CO,80202,,,2026-08-19T15:51:35.089936+00:00,"$3,800,000",2024-12-31,,Multifamily,,,,,,
sales_records,SR-1291,client,Yellowpine Commercial,4200 Summit Road,Suite 11,Phoenix,AZ,85018,,,2026-08-19T15:51:35.089936+00:00,10100000,2024-02-14,R. Delgado,Office,,,,,,
sales_records,SR-1292,client,Hollow Creek Commercial,9740 Riverside Lane,,Columbus,OH,43215,,,2026-08-19T15:51:35.089936+00:00,9800000,2024-05-30,R. Delgado,Office,,,,,,
sales_records,SR-1293,client,Timberlake Fund,8976 Yale Drive,Suite 9,Denver,CO,80202,,,2026-08-19T15:51:35.089936+00:00,"$14,850,000",04-Nov-24,Priya Nair,Multifamily,,,,,,
sales_records,SR-1294,client,Willowbrook Trust Fund,2518 Fillmore Lane,,San Francisco,CA,94117,,,2026-08-19T15:51:35.089936+00:00,5700000,2024-12-21,Priya Nair,Industrial,,,,,,
sales_records,SR-1296,client,Pinnacle Realty,1664 Heritage Boulevard,Suite 8,Seattle,WA,98101,,,2026-08-19T15:51:35.089936+00:00,9700000,"March 30, 2024",Alicia Fox,Office,,,,,,
sales_records,SR-1297,client,Cascade Realty,1938 Bannock Street,,Houston,TX,77006,,,2026-08-19T15:51:35.089936+00:00,"$11,100,000",2024-07-18,R. Delgado,Land,,,,,,
sales_records,SR-1298,client,Silverline Industrial,1751 Century Avenue,Floor 4,Portland,OR,97201,,,2026-08-19T15:51:35.089936+00:00,"$5,450,000","November 23, 2024",K. Bennett,Industrial,,,,,,
sales_records,SR-1299,client,Westbrook Commercial,3282 Yale Parkway,,Houston,TX,77006,,,2026-08-19T15:51:35.089936+00:00,"$2,800,000",2024-04-27,Priya Nair,Land,,,,,,
sales_records,SR-1300,client,Ashgrove Commercial Group,3314 Jefferson Lane,,New Orleans,LA,70130,,,2026-08-19T15:51:35.089936+00:00,13500000,09/09/2024,Alicia Fox,Retail,,,,,,
sales_records,SR-1301,client,Westbrook Capital,4849 Airport Street,,Atlanta,GA,30303,,,2026-08-19T15:51:35.089936+00:00,14200000,2024-12-25,,Retail,,,,,,
sales_records,SR-1302,client,Larkspur Retail,8142 Fillmore Lane,,New Orleans,LA,70130,,,2026-08-19T15:51:35.089936+00:00,"$3,800,000",13-Jul-24,Derek Wu,Office,,,,,,
sales_records,SR-1303,client,Pinnacle Partners,7885 Franklin Avenue,Floor 33,Phoenix,AZ,85018,,,2026-08-19T15:51:35.089936+00:00,"$12,550,000","January 19, 2024",Nathan Ford,Retail,,,,,,
sales_records,SR-1304,client,Zenith Point Realty,1566 Oak Street,,Denver,CO,80202,,,2026-08-19T15:51:35.089936+00:00,4750000,"April 11, 2024",Elena Ruiz,Industrial,,,,,,
sales_records,SR-1305,client,Windermere Retail,6115 Franklin Avenue,Floor 7,Denver,CO,80202,,,2026-08-19T15:51:35.089936+00:00,"$5,850,000","August 12, 2024",,Multifamily,,,,,,
sales_records,SR-1306,client,Valley Forge Retail Group,6576 Sunset Drive,Suite 31,Denver,CO,80202,,,2026-08-19T15:51:35.089936+00:00,9100000,06-Dec-24,Wendy Park,Multifamily,,,,,,
sales_records,SR-1307,client,Underhill Realty,6329 Meridian Parkway,,Memphis,TN,38118,,,2026-08-19T15:51:35.089936+00:00,"$9,550,000",03/05/2024,S. Whitfield,Industrial,,,,,,
sales_records,SR-1308,client,Maple Crest Commercial,5885 Elm Parkway,Suite 33,Atlanta,GA,30303,,,2026-08-19T15:51:35.089936+00:00,"$11,750,000",04/05/2024,K. Bennett,Land,,,,,,
sales_records,SR-1309,client,Ashford Office Group,2150 Meridian Drive,,Seattle,WA,98101,,,2026-08-19T15:51:35.089936+00:00,"$11,700,000",2024-11-20,J. Alvarez,Multifamily,,,,,,
sales_records,SR-1310,client,Underhill Capital,8608 Grant Lane,,San Francisco,CA,94117,,,2026-08-19T15:51:35.089936+00:00,"$3,600,000","April 28, 2024",Wendy Park,Multifamily,,,,,,
sales_records,SR-1311,client,Palmetto Coast Capital Group,5552 Heritage Road,Suite 4,Miami,FL,33131,,,2026-08-19T15:51:35.089936+00:00,7250000,"December 4, 2024",Maria Chen,Office,,,,,,
sales_records,SR-1312,client,Highland Park Residential,1570 Commerce Lane,,San Francisco,CA,94117,,,2026-08-19T15:51:35.089936+00:00,"$10,300,000","March 7, 2024",Elena Ruiz,Office,,,,,,
sales_records,SR-1313,client,Foundry Square Development Group,9157 Riverside Street,,Miami,FL,33131-4120,,,2026-08-19T15:51:35.089936+00:00,8500000,2024-03-02,Priya Nair,Office,,,,,,
sales_records,SR-1314,client,Oakwood Trust,8133 Airport Street,,Nashville,TN,37217,,,2026-08-19T15:51:35.089936+00:00,"$2,500,000",10/13/2024,S. Whitfield,Retail,,,,,,
sales_records,SR-1315,client,Valley Forge Fund,4567 Riverside Road,Suite 26,Chicago,IL,60601,,,2026-08-19T15:51:35.089936+00:00,"$10,750,000","September 10, 2024",J. Alvarez,Retail,,,,,,
sales_records,SR-1316,client,Yellowpine Capital,9029 Highland Drive,Floor 33,Boston,MA,02110,,,2026-08-19T15:51:35.089936+00:00,"$3,800,000",12/28/2024,S. Whitfield,Office,,,,,,
sales_records,SR-1317,client,Cornerstone Logistics LP,3860 Market Drive,Suite 18,Miami,FL,33131,,,2026-08-19T15:51:35.089936+00:00,"$10,200,000","January 27, 2024",Elena Ruiz,Land,,,,,,
sales_records,SR-1318,client,Union Pacific Industrial Inc,9398 Industrial Street,,Nashville,TN,37217,,,2026-08-19T15:51:35.089936+00:00,3500000,06-Jan-24,S. Whitfield,Land,,,,,,
sales_records,SR-1319,client,Pinnacle Industrial,8176 Industrial Boulevard,Floor 14,Miami,FL,33131,,,2026-08-19T15:51:35.089936+00:00,"$11,900,000",24-Oct-24,Priya Nair,Multifamily,,,,,,
sales_records,SR-1320,client,Twin Rivers Capital,8158 Elm Street,Floor 12,Denver,CO,80202,,,2026-08-19T15:51:35.089936+00:00,"$5,600,000",11/27/2024,Tom O'Neill,Multifamily,,,,,,
sales_records,SR-1322,client,Timberlake Realty,12 Market Parkway,Floor 6,New Orleans,LA,70130,,,2026-08-19T15:51:35.089936+00:00,"$13,050,000",04/13/2024,S. Whitfield,Land,,,,,,
sales_records,SR-1323,client,Summit Bay Office,5000 Liberty Road,Floor 7,Houston,TX,77006,,,2026-08-19T15:51:35.089936+00:00,"$10,650,000","September 18, 2024",R. Delgado,Multifamily,,,,,,
sales_records,SR-1324,client,Ashford Residential LLC,7484 Franklin Boulevard,,Boston,MA,02110,,,2026-08-19T15:51:35.089936+00:00,"$3,800,000",09/08/2024,Alicia Fox,Retail,,,,,,
sales_records,SR-1325,client,Windermere Office,899 Grant Parkway,,Miami,FL,33131,,,2026-08-19T15:51:35.089936+00:00,"$3,450,000",13-Dec-24,S. Whitfield,Office,,,,,,
sales_records,SR-1326,client,Northgate Fund Group,5449 Meridian Lane,,Nashville,TN,37217,,,2026-08-19T15:51:35.089936+00:00,"$2,500,000",01-Dec-24,S. Whitfield,Retail,,,,,,
sales_records,SR-1327,client,Amberleaf Realty,5962 Industrial Street,Floor 23,Seattle,WA,98101,,,2026-08-19T15:51:35.090936+00:00,"$7,050,000",12-Jun-24,Tom O'Neill,Land,,,,,,
sales_records,SR-1328,client,Rosewood Logistics,3643 Main Boulevard,Floor 34,Denver,CO,80202,,,2026-08-19T15:51:35.090936+00:00,6000000,10/22/2024,Tom O'Neill,Retail,,,,,,
sales_records,SR-1329,client,Coastal Bend Fund LP,4793 Heritage Boulevard,,Chicago,IL,60601,,,2026-08-19T15:51:35.090936+00:00,6150000,03/12/2024,Maria Chen,Retail,,,,,,
sales_records,SR-1331,client,Oakwood Logistics,6447 Fillmore Drive,Suite 34,Phoenix,AZ,85018,,,2026-08-19T15:51:35.090936+00:00,"$1,100,000",2024-12-23,,Office,,,,,,
sales_records,SR-1332,client,Elm Hollow Commercial,9657 Bay Parkway,Floor 28,Miami,FL,33131,,,2026-08-19T15:51:35.090936+00:00,8600000,14-Dec-24,S. Whitfield,Office,,,,,,
sales_records,SR-1333,client,Lakeshore Office Fund,8699 Riverside Road,Suite 26,Columbus,OH,43215-7427,,,2026-08-19T15:51:35.090936+00:00,8800000,12-Nov-24,Priya Nair,Office,,,,,,
sales_records,SR-1334,client,Harborview Office,7101 Meridian Road,Suite 7,Phoenix,AZ,85018,,,2026-08-19T15:51:35.090936+00:00,"$3,500,000",02/09/2024,S. Whitfield,Retail,,,,,,
sales_records,SR-1335,client,Oakwood Office,2913 Westheimer Lane,Floor 6,portland,OR,97201,,,2026-08-19T15:51:35.090936+00:00,"$8,700,000","October 18, 2024",Elena Ruiz,Land,,,,,,
sales_records,SR-1336,client,Hearthstone Retail Group,6312 Broadway Road,,Phoenix,AZ,85018,,,2026-08-19T15:51:35.090936+00:00,"$4,600,000",07-Mar-24,J. Alvarez,Industrial,,,,,,
sales_records,SR-1337,client,Cascade Capital,4077 Tampa Drive,Suite 15,Phoenix,AZ,85018,,,2026-08-19T15:51:35.090936+00:00,14000000,"April 20, 2024",Priya Nair,Industrial,,,,,,
sales_records,SR-1338,client,Grayson Fund,9079 Fillmore Avenue,,San Francisco,CA,94117,,,2026-08-19T15:51:35.090936+00:00,2700000,21-Jan-24,J. Alvarez,Retail,,,,,,
sales_records,SR-1339,client,Quarrystone Properties,5291 Bay Parkway,,San Francisco,CA,94117,,,2026-08-19T15:51:35.090936+00:00,"$10,100,000",02/14/2024,Tom O'Neill,Industrial,,,,,,
sales_records,SR-1340,client,Zenith Point Retail LLC,9222 Meridian Road,,chicago,IL,60601,,,2026-08-19T15:51:35.090936+00:00,"$11,050,000",2024-08-14,K. Bennett,Land,,,,,,
sales_records,SR-1341,client,Quarrystone Realty,2646 Bannock Lane,,Portland,OR,97201,,,2026-08-19T15:51:35.090936+00:00,7050000,09/16/2024,Maria Chen,Industrial,,,,,,
sales_records,SR-1342,client,Steelyard Properties,539 Jefferson Parkway,,New Orleans,LA,70130,,,2026-08-19T15:51:35.090936+00:00,"$12,700,000",2024-04-24,Elena Ruiz,Multifamily,,,,,,
sales_records,SR-1344,client,Silverpine Holdings Inc,8428 Bay Drive,,Austin,TX,78701,,,2026-08-19T15:51:35.090936+00:00,"$7,700,000",2024-08-08,Maria Chen,Industrial,,,,,,
sales_records,SR-1345,client,Oakwood Fund,2546 Oak Avenue,,Nashville,TN,37217,,,2026-08-19T15:51:35.090936+00:00,"$11,750,000","August 2, 2024",Nathan Ford,Multifamily,,,,,,
sales_records,SR-1347,client,Cornerstone Commercial,2621 Broadway Road,,New Orleans,LA,70130,,,2026-08-19T15:51:35.090936+00:00,12300000,2024-06-11,R. Delgado,Land,,,,,,
sales_records,SR-1348,client,Copperfield Ventures,6619 Market Boulevard,,New Orleans,LA,70130,,,2026-08-19T15:51:35.090936+00:00,5650000,08/03/2024,Nathan Ford,Office,,,,,,
sales_records,SR-1349,client,Maple Crest Realty,3505 Franklin Boulevard,,Boston,MA,02110,,,2026-08-19T15:51:35.090936+00:00,"$14,650,000","March 4, 2024",Priya Nair,Multifamily,,,,,,
sales_records,SR-1350,client,Hollow Creek Trust,4819 Fillmore Parkway,,Chicago,IL,60601,,,2026-08-19T15:51:35.090936+00:00,3300000,10/04/2024,J. Alvarez,Land,,,,,,
sales_records,SR-1351,client,Oakwood Properties Group,154 Bay Lane,,Miami,FL,33131,,,2026-08-19T15:51:35.090936+00:00,"$11,550,000",15-Nov-24,Maria Chen,Retail,,,,,,
sales_records,SR-1352,client,Windermere Commercial,5268 Highland Parkway,,Phoenix,AZ,85018,,,2026-08-19T15:51:35.090936+00:00,10350000,"August 25, 2024",R. Delgado,Industrial,,,,,,
sales_records,SR-1353,client,Steelyard Commercial,6153 Liberty Parkway,,miami,FL,33131,,,2026-08-19T15:51:35.090936+00:00,10350000,"December 10, 2024",Alicia Fox,Multifamily,,,,,,
sales_records,SR-1354,client,Marlin Bay Ventures,7310 Century Street,Floor 4,New Orleans,LA,70130,,,2026-08-19T15:51:35.090936+00:00,8900000,22-Oct-24,Wendy Park,Retail,,,,,,
sales_records,SR-1355,client,Summit Bay Realty,3164 Lakeshore Road,,Memphis,TN,38118,,,2026-08-19T15:51:35.090936+00:00,"$1,450,000",2024-11-17,,Land,,,,,,
sales_records,SR-1356,client,Valley Forge Realty,3463 Fillmore Parkway,,Denver,CO,80202,,,2026-08-19T15:51:35.090936+00:00,"$6,450,000",2024-03-07,Elena Ruiz,Industrial,,,,,,
sales_records,SR-1357,client,Pinecrest Residential Partners,2529 Elm Drive,,Seattle,WA,98101-2694,,,2026-08-19T15:51:35.090936+00:00,"$5,400,000",17-Nov-24,Derek Wu,Multifamily,,,,,,
sales_records,SR-1358,client,Brightline Commercial Fund,5444 Oak Street,,San Francisco,CA,94117,,,2026-08-19T15:51:35.090936+00:00,12300000,2024-09-06,Priya Nair,Land,,,,,,
sales_records,SR-1359,client,Sable Point Capital,899 Westheimer Parkway,Floor 23,Denver,CO,80202,,,2026-08-19T15:51:35.090936+00:00,"$3,900,000",09/04/2024,K. Bennett,Land,,,,,,
sales_records,SR-1360,client,Westbrook Group Fund,9153 Congress Road,,Memphis,TN,38118-3270,,,2026-08-19T15:51:35.090936+00:00,5900000,"April 21, 2024",R. Delgado,Industrial,,,,,,
sales_records,SR-1361,client,Ironbridge Trust,3739 Yale Drive,,Miami,FL,33131,,,2026-08-19T15:51:35.090936+00:00,"$10,850,000","July 23, 2024",Derek Wu,Multifamily,,,,,,
sales_records,SR-1362,client,Nightingale Properties,7401 Sunset Drive,,Atlanta,GA,30303,,,2026-08-19T15:51:35.090936+00:00,10350000,05/19/2024,J. Alvarez,Land,,,,,,
sales_records,SR-1363,client,Highland Park Partners,1046 Oak Lane,,San Francisco,CA,94117,,,2026-08-19T15:51:35.090936+00:00,11750000,"November 26, 2024",Derek Wu,Industrial,,,,,,
sales_records,SR-1364,client,Vantage Point Partners,4622 Industrial Drive,Floor 1,Denver,CO,80202,,,2026-08-19T15:51:35.090936+00:00,8050000,2024-06-17,S. Whitfield,Land,,,,,,
sales_records,SR-1365,client,Harborview Properties,514 Meridian Avenue,,Atlanta,GA,30303,,,2026-08-19T15:51:35.090936+00:00,"$5,800,000",20-Oct-24,S. Whitfield,Multifamily,,,,,,
sales_records,SR-1366,client,Hollow Creek Investors,9002 Harbor Lane,,Portland,OR,97201,,,2026-08-19T15:51:35.090936+00:00,900000,"October 29, 2024",Elena Ruiz,Office,,,,,,
sales_records,SR-1367,client,Underhill Holdings,1208 Bannock Lane,Suite 5,New Orleans,LA,70130,,,2026-08-19T15:51:35.090936+00:00,"$11,000,000","August 28, 2024",J. Alvarez,Multifamily,,,,,,
sales_records,SR-1368,client,Vantage Point Residential Inc,9522 Century Boulevard,,san francisco,CA,94117,,,2026-08-19T15:51:35.090936+00:00,"$1,050,000","November 24, 2024",Wendy Park,Multifamily,,,,,,
sales_records,SR-1369,client,Highland Park Industrial,7393 Franklin Road,,Nashville,TN,37217,,,2026-08-19T15:51:35.090936+00:00,"$1,900,000","July 7, 2024",,Industrial,,,,,,
sales_records,SR-1370,client,Summit Bay Residential Group,5018 Peachtree Road,,Seattle,WA,98101,,,2026-08-19T15:51:35.090936+00:00,11350000,12/23/2024,Derek Wu,Land,,,,,,
sales_records,SR-1372,client,Lakeshore Partners Partners,5887 Independent Drive,,Nashville,TN,37217,,,2026-08-19T15:51:35.090936+00:00,8750000,2024-09-06,Maria Chen,Retail,,,,,,
sales_records,SR-1373,client,Yellowpine Development,1793 Westheimer Lane,,New Orleans,LA,70130,,,2026-08-19T15:51:35.090936+00:00,8650000,11/13/2024,Maria Chen,Office,,,,,,
sales_records,SR-1374,client,Ironbridge Retail,9494 Sunset Parkway,Suite 31,Houston,TX,77006,,,2026-08-19T15:51:35.090936+00:00,"$6,200,000",04-Dec-24,J. Alvarez,Multifamily,,,,,,
sales_records,SR-1375,client,Crestpoint Investors Inc,2445 Washington Drive,,Seattle,WA,98101,,,2026-08-19T15:51:35.090936+00:00,"$11,850,000",08/04/2024,Maria Chen,Retail,,,,,,
sales_records,SR-1376,client,Bayshore Group,8220 Liberty Street,,Nashville,TN,37217-2655,,,2026-08-19T15:51:35.090936+00:00,"$10,850,000","May 2, 2024",Priya Nair,Retail,,,,,,
sales_records,SR-1377,client,Larkspur Trust,5971 Liberty Street,,Atlanta,GA,30303,,,2026-08-19T15:51:35.090936+00:00,"$6,900,000",01/02/2024,Nathan Ford,Multifamily,,,,,,
sales_records,SR-1378,client,Marlin Bay Capital,9289 Peachtree Lane,,Austin,TX,78701-5322,,,2026-08-19T15:51:35.090936+00:00,9800000,06/20/2024,Derek Wu,Multifamily,,,,,,
sales_records,SR-1379,client,Union Pacific Ventures,7931 Jefferson Street,,San Francisco,CA,94117,,,2026-08-19T15:51:35.090936+00:00,8550000,"May 28, 2024",Wendy Park,Industrial,,,,,,
sales_records,SR-1380,client,Canyon Point Holdings,7999 Grant Street,,Boston,MA,02110,,,2026-08-19T15:51:35.090936+00:00,"$13,150,000",07/05/2024,Elena Ruiz,Retail,,,,,,
sales_records,SR-1381,client,Ironwood Residential,6062 Grant Street,,Memphis,TN,38118,,,2026-08-19T15:51:35.090936+00:00,10450000,"May 5, 2024",R. Delgado,Land,,,,,,
sales_records,SR-1382,client,Cascade Fund,6368 Meridian Drive,,Chicago,IL,60601,,,2026-08-19T15:51:35.090936+00:00,"$7,850,000",09/26/2024,Wendy Park,Industrial,,,,,,
sales_records,SR-1383,client,Hollow Creek Residential,4490 Yale Road,,Miami,FL,33131,,,2026-08-19T15:51:35.090936+00:00,"$4,550,000",2024-10-17,S. Whitfield,Land,,,,,,
sales_records,SR-1384,client,Bayshore Logistics LLC,1285 Heritage Boulevard,,Seattle,WA,98101,,,2026-08-19T15:51:35.090936+00:00,"$13,300,000",03-Feb-24,J. Alvarez,Office,,,,,,
sales_records,SR-1385,client,Timberlake Logistics,3661 Heritage Drive,Suite 6,Atlanta,GA,30303,,,2026-08-19T15:51:35.090936+00:00,"$6,400,000","December 31, 2024",R. Delgado,Multifamily,,,,,,
sales_records,SR-1386,client,Willowbrook Investors,5663 Century Parkway,Floor 20,Chicago,IL,60601,,,2026-08-19T15:51:35.090936+00:00,"$5,900,000",01-Nov-24,S. Whitfield,Industrial,,,,,,
sales_records,SR-1387,client,Falcon Creek Ventures,118 Liberty Avenue,,Nashville,TN,37217,,,2026-08-19T15:51:35.090936+00:00,8800000,"October 6, 2024",Elena Ruiz,Multifamily,,,,,,
sales_records,SR-1388,client,Amberleaf Residential,4610 Fillmore Avenue,Suite 27,New Orleans,LA,70130,,,2026-08-19T15:51:35.090936+00:00,4050000,"February 15, 2024",,Multifamily,,,,,,
sales_records,SR-1389,client,Lakeshore Residential LLC,2588 Washington Road,,Austin,TX,78701,,,2026-08-19T15:51:35.090936+00:00,3250000,22-Sep-24,J. Alvarez,Office,,,,,,
sales_records,SR-1390,client,Golden Gate Industrial,1948 Grant Drive,,San Francisco,CA,94117,,,2026-08-19T15:51:35.090936+00:00,"$4,750,000","January 28, 2024",J. Alvarez,Multifamily,,,,,,
sales_records,SR-1391,client,Hearthstone Logistics LLC,5420 Bay Drive,Suite 39,Portland,OR,97201,,,2026-08-19T15:51:35.090936+00:00,2200000,"March 2, 2024",Priya Nair,Retail,,,,,,
sales_records,SR-1392,client,Westbrook Trust,716 Canal Road,,Boston,MA,02110,,,2026-08-19T15:51:35.090936+00:00,4400000,2024-12-14,Wendy Park,Land,,,,,,
sales_records,SR-1394,client,Northgate Holdings Inc,7733 Meridian Avenue,,Nashville,TN,37217,,,2026-08-19T15:51:35.090936+00:00,1000000,"December 2, 2024",K. Bennett,Retail,,,,,,
sales_records,SR-1395,client,Overlook Capital Fund,5624 Harbor Road,,Austin,TX,78701,,,2026-08-19T15:51:35.090936+00:00,"$4,350,000","February 2, 2024",Maria Chen,Multifamily,,,,,,
sales_records,SR-1396,client,Underhill Development,1137 Grant Drive,,Houston,TX,77006,,,2026-08-19T15:51:35.090936+00:00,9700000,21-Oct-24,,Office,,,,,,
sales_records,SR-1397,client,Union Pacific Capital,2460 Union Avenue,Suite 32,Atlanta,GA,30303,,,2026-08-19T15:51:35.090936+00:00,10600000,13-Dec-24,J. Alvarez,Land,,,,,,
sales_records,SR-1399,client,Marlin Bay Trust Inc,949 Congress Lane,,Seattle,WA,98101-6629,,,2026-08-19T15:51:35.090936+00:00,"$10,900,000",06-Feb-24,Nathan Ford,Land,,,,,,
sales_records,SR-1400,client,Bayshore Logistics LLC,1285 Heritage Boulevard,,Seattle,WA,98101,,,2026-08-19T15:51:35.090936+00:00,"$13,300,000",03-Feb-24,J. Alvarez,Office,,,,,,
sales_records,SR-1401,client,Canyon Point Investors Fund,7943 Harbor Avenue,,Atlanta,GA,30303,,,2026-08-19T15:51:35.090936+00:00,7150000,2024-04-20,K. Bennett,Multifamily,,,,,,
debt_records,DBT-2024-001,borrower,Ferngate Industrial,8234 Washington Avenue,,Atlanta,GA,30303,,,2026-08-19T15:51:35.090936+00:00,,,,,"$3,050,000",25-Feb-24,2030-06-16,Midlands Trust,Refinance,
debt_records,DBT-2024-002,borrower,Ridgeline Retail,5231 Union Parkway,,Columbus,OH,43215,,,2026-08-19T15:51:35.090936+00:00,,,,,5100000,12/08/2024,2026-06-30,Golden State Credit Union,Bridge Loan,
debt_records,DBT-2024-003,borrower,Prairie Wind Fund,2283 Meridian Drive,,Miami,FL,33131,,,2026-08-19T15:51:35.090936+00:00,,,,,"$1,350,000",13-Sep-24,2029-05-13,First Capital Bank,Term Loan,
debt_records,DBT-2024-004,borrower,Valley Forge Industrial LP,3543 Peachtree Road,,Houston,TX,77006,,,2026-08-19T15:51:35.090936+00:00,,,,,"$4,150,000",2024-05-28,2028-03-26,Capitol Lakes Bank,Refinance,
debt_records,DBT-2024-005,borrower,Rosewood Partners Inc,8657 Commerce Street,Floor 17,San Francisco,CA,94117,,,2026-08-19T15:51:35.090936+00:00,,,,,"$9,850,000",04/12/2024,2029-03-02,Piedmont Capital,Construction Loan,
debt_records,DBT-2024-006,borrower,Coastal Bend Ventures,792 Tryon Drive,,Denver,CO,80202,,,2026-08-19T15:51:35.090936+00:00,,,,,6600000,"August 1, 2024",2032-02-15,Highline Lending,Term Loan,past due 79 days
debt_records,DBT-2024-007,borrower,Cornerstone Investors,7499 Congress Street,,Seattle,WA,98101,,,2026-08-19T15:51:35.090936+00:00,,,,,5350000,01/29/2024,2025-09-16,Great Lakes Commercial Bank,Construction Loan,past due 63 days
debt_records,DBT-2024-009,borrower,Oakwood Residential Group,1118 Heritage Road,Suite 29,Chicago,IL,60601,,,2026-08-19T15:51:35.090936+00:00,,,,,2050000,12/01/2024,2028-02-26,Volunteer State Bank,Bridge Loan,
debt_records,DBT-2024-010,borrower,Delta Ridge Properties Inc,6126 Yale Lane,,Atlanta,GA,30303,,,2026-08-19T15:51:35.090936+00:00,,,,,7400000,10/09/2024,2028-09-11,Front Range Bank,Construction Loan,
debt_records,DBT-2023-011,borrower,Sagebrush Industrial Group,1708 Franklin Avenue,Suite 34,Boston,MA,02110,,,2026-08-19T15:51:35.090936+00:00,,,,,6300000,07/09/2024,2027-01-03,Sandia Federal Bank,Term Loan,
debt_records,DBT-2024-012,borrower,Quailridge Capital Inc,7508 Oak Boulevard,,San Francisco,CA,94117,,,2026-08-19T15:51:35.090936+00:00,,,,,"$8,900,000",01/10/2024,2029-09-15,Desert Southwest Bank,Refinance,past due 59 days
debt_records,DBT-2024-013,borrower,Juniper Bend Office LP,5090 Liberty Drive,,Chicago,IL,60601,,,2026-08-19T15:51:35.090936+00:00,,,,,5950000,10/29/2024,2027-11-04,Gulf Coast Bank,Construction Loan,
debt_records,DBT-2024-014,borrower,Ember Ridge Capital Fund,8907 Meridian Boulevard,,Miami,FL,33131,,,2026-08-19T15:51:35.090936+00:00,,,,,2150000,"September 22, 2024",2028-05-01,Desert Southwest Bank,Refinance,
debt_records,DBT-2024-016,borrower,Blackthorn Industrial Partners,7214 Highland Boulevard,,San Francisco,CA,94117,,,2026-08-19T15:51:35.090936+00:00,,,,,"$1,300,000","January 30, 2024",2031-11-30,Volunteer State Bank,Refinance,
debt_records,DBT-2024-017,borrower,Quailridge Holdings Inc,8517 Tampa Parkway,Suite 15,Phoenix,AZ,85018,,,2026-08-19T15:51:35.090936+00:00,,,,,9600000,"August 13, 2024",2031-12-02,Republic Trust Bank,Refinance,
debt_records,DBT-2023-018,borrower,Underhill Group Inc,2966 Summit Boulevard,Floor 8,Houston,TX,77006,,,2026-08-19T15:51:35.090936+00:00,,,,,4650000,"July 9, 2024",2030-01-29,Golden State Credit Union,Construction Loan,
debt_records,DBT-2024-020,borrower,Prairie Wind Commercial Partners,6991 Airport Lane,,Houston,TX,77006,,,2026-08-19T15:51:35.090936+00:00,,,,,7350000,04/24/2024,2031-10-03,Lowcountry Bank,Construction Loan,
debt_records,DBT-2024-021,borrower,Yellowpine Ventures,5786 Commerce Boulevard,Floor 16,San Francisco,CA,94117,,,2026-08-19T15:51:35.090936+00:00,,,,,6150000,28-Apr-24,2030-07-12,Front Range Bank,Term Loan,
debt_records,DBT-2024-022,borrower,Marlin Bay Trust Group,949 Congress Lane,,Seattle,WA,98101,,,2026-08-19T15:51:35.090936+00:00,,,,,"$9,000,000","October 18, 2024",2026-10-27,Crescent City Lending,Refinance,
debt_records,DBT-2024-024,borrower,Bayshore Retail,9303 Oak Road,Floor 28,Atlanta,GA,30303,,,2026-08-19T15:51:35.090936+00:00,,,,,8050000,12/30/2024,2028-09-14,Highline Lending,Term Loan,
debt_records,DBT-2024-025,borrower,Pinnacle Trust Partners,1269 Canal Road,,Nashville,TN,37217,,,2026-08-19T15:51:35.090936+00:00,,,,,2400000,"September 1, 2024",2026-12-04,Desert Southwest Bank,Construction Loan,
debt_records,DBT-2024-026,borrower,Greystone Office,3058 Century Road,,San Francisco,CA,94117,,,2026-08-19T15:51:35.090936+00:00,,,,,"$5,950,000",23-Jun-24,2025-12-15,Golden State Credit Union,Bridge Loan,
debt_records,DBT-2023-027,borrower,Ferngate Properties LLC,4688 Century Avenue,,Houston,TX,77006,,,2026-08-19T15:51:35.090936+00:00,,,,,"$6,700,000",2024-11-11,2028-12-09,Crescent City Lending,Refinance,
debt_records,DBT-2024-028,borrower,Silverpine Group Partners,2233 Congress Drive,,Denver,CO,80202,,,2026-08-19T15:51:35.091936+00:00,,,,,"$2,950,000",03/27/2024,2025-09-21,Front Range Bank,Bridge Loan,
debt_records,DBT-2024-029,borrower,Kestrel Commercial Inc,5246 Jefferson Lane,,Seattle,WA,98101,,,2026-08-19T15:51:35.091936+00:00,,,,,2250000,12/27/2024,2026-10-05,Front Range Bank,Term Loan,
debt_records,DBT-2024-030,borrower,Westbrook Realty LLC,4924 Airport Lane,Floor 18,Phoenix,AZ,85018,,,2026-08-19T15:51:35.091936+00:00,,,,,2900000,02/07/2024,2028-12-11,Sierra Nevada Bank,Term Loan,
debt_records,DBT-2024-031,borrower,Redwood Development LLC,3888 Century Street,Suite 17,Austin,TX,78701,,,2026-08-19T15:51:35.091936+00:00,,,,,"$500,000",11-Sep-24,2028-08-01,Great Lakes Commercial Bank,Bridge Loan,
debt_records,DBT-2024-032,borrower,Underhill Investors,9048 Canal Road,,Portland,OR,97201,,,2026-08-19T15:51:35.091936+00:00,,,,,"$9,050,000",28-Sep-24,2027-06-08,Lowcountry Bank,Refinance,
debt_records,DBT-2024-033,borrower,Cascade Group Inc,1422 Congress Boulevard,,Phoenix,AZ,85018,,,2026-08-19T15:51:35.091936+00:00,,,,,4550000,"August 16, 2024",2029-01-23,Empire State Trust,Construction Loan,
debt_records,DBT-2024-034,borrower,Steelyard Fund,1225 Industrial Drive,,Chicago,IL,60601,,,2026-08-19T15:51:35.091936+00:00,,,,,1250000,"May 28, 2024",2028-06-02,Volunteer State Bank,Refinance,
debt_records,DBT-2024-036,borrower,Copper Basin Residential Inc,7098 Liberty Parkway,,Austin,TX,78701,,,2026-08-19T15:51:35.091936+00:00,,,,,5550000,2024-12-01,2025-12-19,Crescent City Lending,Bridge Loan,
debt_records,DBT-2024-037,borrower,Quarrystone Development,4663 Market Boulevard,,Phoenix,AZ,85018,,,2026-08-19T15:51:35.091936+00:00,,,,,"$4,100,000",2024-09-26,2026-07-25,Sierra Nevada Bank,Bridge Loan,past due 30 days
debt_records,DBT-2024-038,borrower,Redwood Residential Fund,9034 Tampa Avenue,,Boston,MA,02110,,,2026-08-19T15:51:35.091936+00:00,,,,,650000,2024-02-09,2026-03-30,Gulf Coast Bank,Construction Loan,
debt_records,DBT-2024-039,borrower,Kestrel Holdings Group,2772 Peachtree Avenue,,New Orleans,LA,70130,,,2026-08-19T15:51:35.091936+00:00,,,,,"$5,950,000",13-Apr-24,2026-07-14,Great Lakes Commercial Bank,Refinance,
debt_records,DBT-2024-040,borrower,Copper Basin Capital LLC,474 Market Street,Suite 32,Miami,FL,33131,,,2026-08-19T15:51:35.091936+00:00,,,,,"$3,450,000",31-Dec-24,2026-08-18,Piedmont Triad Bank,Term Loan,
debt_records,DBT-2024-041,borrower,Overlook Commercial Partners,9459 Yale Lane,,Seattle,WA,98101,,,2026-08-19T15:51:35.091936+00:00,,,,,7150000,2024-09-07,2032-01-26,Highline Lending,Construction Loan,
debt_records,DBT-2024-042,borrower,Thornfield Retail Inc,506 Century Lane,Floor 37,Seattle,WA,98101,,,2026-08-19T15:51:35.091936+00:00,,,,,"$4,600,000",17-Apr-24,2031-09-21,Capitol Lakes Bank,Term Loan,
debt_records,DBT-2024-043,borrower,Crestpoint Development Fund,991 Airport Drive,Suite 11,Denver,CO,80202,,,2026-08-19T15:51:35.091936+00:00,,,,,"$6,700,000",28-Feb-24,2025-11-07,Gateway Commercial Bank,Term Loan,
debt_records,DBT-2024-044,borrower,Grayson Commercial Partners,5241 Jefferson Drive,,San Francisco,CA,94117,,,2026-08-19T15:51:35.091936+00:00,,,,,8350000,"July 9, 2024",2031-09-27,Capitol Lakes Bank,Refinance,
debt_records,DBT-2024-045,borrower,Harborview Realty Group,5238 Tryon Drive,,Denver,CO,80202,,,2026-08-19T15:51:35.091936+00:00,,,,,"$550,000",2024-08-30,2025-07-11,Lakefront Bank,Term Loan,
debt_records,DBT-2024-046,borrower,Falcon Creek Properties,1596 Riverside Boulevard,,Austin,TX,78701,,,2026-08-19T15:51:35.091936+00:00,,,,,5950000,"April 25, 2024",2029-04-13,Front Range Bank,Construction Loan,
debt_records,DBT-2024-048,borrower,Sable Point Ventures Fund,5133 Camelback Parkway,Suite 10,San Francisco,CA,94117,,,2026-08-19T15:51:35.091936+00:00,,,,,4350000,01/27/2024,2026-12-14,Piedmont Capital,Construction Loan,
debt_records,DBT-2024-049,borrower,Coastal Bend Group,8173 Liberty Drive,,Austin,TX,78701,,,2026-08-19T15:51:35.091936+00:00,,,,,6050000,19-Apr-24,2027-04-12,Empire State Trust,Refinance,
debt_records,DBT-2024-050,borrower,Lakeshore Fund Partners,6452 Liberty Drive,,Denver,CO,80202,,,2026-08-19T15:51:35.091936+00:00,,,,,"$2,900,000",2024-12-09,2029-04-18,Republic Trust Bank,Bridge Loan,
debt_records,DBT-2024-051,borrower,Greystone Logistics Fund,3534 Jefferson Street,,Boston,MA,02110,,,2026-08-19T15:51:35.091936+00:00,,,,,1050000,"January 7, 2024",2032-03-21,Volunteer State Bank,Term Loan,
debt_records,DBT-2024-052,borrower,Golden Gate Trust LLC,7720 Bannock Road,,Phoenix,AZ,85018,,,2026-08-19T15:51:35.091936+00:00,,,,,"$9,600,000",2024-08-30,2031-07-14,Pacific Northwest Trust,Term Loan,
debt_records,DBT-2024-053,borrower,Ashford Holdings Fund,6005 Oak Drive,,Atlanta,GA,30303,,,2026-08-19T15:51:35.091936+00:00,,,,,4550000,2024-04-09,2032-04-19,Piedmont Triad Bank,Refinance,
debt_records,DBT-2024-054,borrower,Millbrook Group Group,4738 Congress Drive,,New Orleans,LA,70130,,,2026-08-19T15:51:35.091936+00:00,,,,,"$8,250,000",13-Sep-24,2027-01-26,Delta Commercial Credit,Term Loan,
debt_records,DBT-2024-055,borrower,Canyon Point Development LLC,1956 Canal Street,,Houston,TX,77006,,,2026-08-19T15:51:35.091936+00:00,,,,,8050000,02/15/2024,2026-09-20,Delta Commercial Credit,Term Loan,
debt_records,DBT-2024-056,borrower,Highland Park Development Inc,647 Canal Lane,,Columbus,OH,43215,,,2026-08-19T15:51:35.091936+00:00,,,,,2250000,07-Apr-24,2026-11-26,Piedmont Capital,Bridge Loan,
debt_records,DBT-2024-057,borrower,Ashgrove Trust LP,5228 Airport Drive,Floor 17,Phoenix,AZ,85018,,,2026-08-19T15:51:35.091936+00:00,,,,,"$7,950,000",2024-11-24,2031-04-13,Empire State Trust,Construction Loan,
debt_records,DBT-2024-058,borrower,Copper Basin Partners Fund,8361 Summit Drive,Floor 6,Miami,FL,33131,,,2026-08-19T15:51:35.091936+00:00,,,,,"$2,250,000","May 13, 2024",2025-10-07,Front Range Bank,Construction Loan,
debt_records,DBT-2024-059,borrower,Canyon Point Office Group,282 Washington Boulevard,Floor 1,Miami,FL,33131,,,2026-08-19T15:51:35.091936+00:00,,,,,"$750,000",21-Feb-24,2027-07-07,Piedmont Triad Bank,Construction Loan,
debt_records,DBT-2024-060,borrower,Oakwood Industrial,9487 Grant Lane,,Seattle,WA,98101,,,2026-08-19T15:51:35.091936+00:00,,,,,"$5,850,000","January 21, 2024",2028-01-16,Piedmont Triad Bank,Construction Loan,
debt_records,DBT-2024-061,borrower,Ferngate Holdings LLC,9570 Meridian Avenue,,Columbus,OH,43215,,,2026-08-19T15:51:35.091936+00:00,,,,,2300000,17-Oct-24,2026-12-24,Gateway Commercial Bank,Bridge Loan,
debt_records,DBT-2024-062,borrower,Coastal Bend Development,6239 Peachtree Parkway,Floor 6,New Orleans,LA,70130,,,2026-08-19T15:51:35.091936+00:00,,,,,"$6,600,000",05/05/2024,2027-02-22,Sandia Federal Bank,Construction Loan,
debt_records,DBT-2024-063,borrower,Harborview Commercial LP,3978 Oak Road,,Seattle,WA,98101,,,2026-08-19T15:51:35.091936+00:00,,,,,4100000,06-Mar-24,2028-12-25,Lowcountry Bank,Construction Loan,
debt_records,DBT-2024-064,borrower,Foundry Square Logistics LLC,1810 Camelback Street,,San Francisco,CA,94117,,,2026-08-19T15:51:35.091936+00:00,,,,,5550000,2024-04-30,2029-07-21,Pacific Northwest Trust,Construction Loan,
debt_records,DBT-2023-065,borrower,Rosewood Development,7847 Heritage Drive,,Austin,TX,78701,,,2026-08-19T15:51:35.091936+00:00,,,,,"$2,550,000",07/17/2024,2030-10-21,Midlands Trust,Term Loan,
debt_records,DBT-2024-066,borrower,Windermere Fund Fund,2847 Harbor Road,,Chicago,IL,60601,,,2026-08-19T15:51:35.091936+00:00,,,,,5900000,"September 16, 2024",2029-09-20,Hoosier Capital Bank,Refinance,
debt_records,DBT-2024-067,borrower,Pinecrest Development Group,4745 Fillmore Lane,,Memphis,TN,38118,,,2026-08-19T15:51:35.091936+00:00,,,,,5400000,09/30/2024,2029-07-04,Pacific Northwest Trust,Term Loan,
debt_records,DBT-2024-068,borrower,Grayson Retail,9193 Tampa Boulevard,Floor 28,Chicago,IL,60601,,,2026-08-19T15:51:35.091936+00:00,,,,,"$3,700,000","September 7, 2024",2030-07-30,Republic Trust Bank,Refinance,
debt_records,DBT-2024-069,borrower,Sable Point Realty LLC,2409 Bannock Street,,Portland,OR,97201,,,2026-08-19T15:51:35.091936+00:00,,,,,2100000,19-Jan-24,2031-05-17,Hoosier Capital Bank,Refinance,
debt_records,DBT-2023-070,borrower,Steelyard Investors LLC,4211 Meridian Avenue,,Memphis,TN,38118,,,2026-08-19T15:51:35.091936+00:00,,,,,9750000,10/18/2024,2030-07-22,Gateway Commercial Bank,Term Loan,
debt_records,DBT-2024-071,borrower,Nightingale Fund,4460 Canal Street,,San Francisco,CA,94117,,,2026-08-19T15:51:35.091936+00:00,,,,,4350000,2024-02-10,2030-04-11,Empire State Trust,Term Loan,
debt_records,DBT-2024-072,borrower,Stonebridge Residential,8710 Grant Lane,,Columbus,OH,43215,,,2026-08-19T15:51:35.091936+00:00,,,,,"$3,950,000",2024-12-09,2025-12-05,Republic Trust Bank,Construction Loan,
debt_records,DBT-2024-073,borrower,Blackthorn Retail Fund,7749 Union Lane,,Chicago,IL,60601,,,2026-08-19T15:51:35.091936+00:00,,,,,6350000,"December 29, 2024",2029-01-20,Great Lakes Commercial Bank,Construction Loan,
debt_records,DBT-2024-074,borrower,Amberleaf Retail Group,2597 Broadway Lane,,Phoenix,AZ,85018,,,2026-08-19T15:51:35.091936+00:00,,,,,900000,09/12/2024,2027-10-11,Sierra Nevada Bank,Construction Loan,
debt_records,DBT-2023-075,borrower,Yellowpine Industrial Inc,979 Market Lane,,Seattle,WA,98101,,,2026-08-19T15:51:35.091936+00:00,,,,,"$7,700,000",12/11/2024,2030-08-28,Crescent City Lending,Construction Loan,
debt_records,DBT-2024-076,borrower,Marlin Bay Investors Inc,3814 Summit Lane,,Houston,TX,77006,,,2026-08-19T15:51:35.091936+00:00,,,,,9900000,18-Apr-24,2026-08-28,Front Range Bank,Bridge Loan,
debt_records,DBT-2024-077,borrower,Hollow Creek Industrial Inc,621 Westheimer Drive,,San Francisco,CA,94117,,,2026-08-19T15:51:35.091936+00:00,,,,,6800000,"November 21, 2024",2028-12-23,Midlands Trust,Bridge Loan,
debt_records,DBT-2024-078,borrower,Silverline Residential Group,8126 Westheimer Lane,,Atlanta,GA,30303,,,2026-08-19T15:51:35.091936+00:00,,,,,"$8,600,000",2024-02-20,2029-09-18,Pacific Northwest Trust,Term Loan,
debt_records,DBT-2023-079,borrower,Grayson Development LP,7454 Summit Road,,Memphis,TN,38118,,,2026-08-19T15:51:35.091936+00:00,,,,,7550000,2024-02-16,2029-07-26,Delta Commercial Credit,Construction Loan,
debt_records,DBT-2024-080,borrower,Canyon Point Fund Fund,3169 Bay Boulevard,,Memphis,TN,38118,,,2026-08-19T15:51:35.091936+00:00,,,,,3550000,16-Jan-24,2027-09-26,Capitol Lakes Bank,Term Loan,
debt_records,DBT-2024-081,borrower,Ferngate Development,240 Franklin Parkway,,Austin,TX,78701,,,2026-08-19T15:51:35.091936+00:00,,,,,1400000,"January 17, 2024",2029-12-21,Empire State Trust,Term Loan,
debt_records,DBT-2024-082,borrower,Overlook Realty Partners,6653 Commerce Road,,Houston,TX,77006,,,2026-08-19T15:51:35.091936+00:00,,,,,"$6,100,000",07/22/2024,2025-11-11,Gulf Coast Bank,Bridge Loan,
debt_records,DBT-2024-083,borrower,Brightline Partners LLC,3037 Canal Drive,,Denver,CO,80202,,,2026-08-19T15:51:35.091936+00:00,,,,,"$9,350,000",13-Mar-24,2028-02-21,Piedmont Capital,Refinance,
debt_records,DBT-2024-084,borrower,Cascade Ventures Inc,3868 Industrial Parkway,,Atlanta,GA,30303,,,2026-08-19T15:51:35.091936+00:00,,,,,"$9,600,000",2024-03-12,2027-01-28,Piedmont Triad Bank,Refinance,
debt_records,DBT-2024-085,borrower,Silverpine Logistics Inc,9396 Main Boulevard,,Memphis,TN,38118,,,2026-08-19T15:51:35.091936+00:00,,,,,2350000,"July 15, 2024",2028-04-19,Front Range Bank,Construction Loan,
debt_records,DBT-2024-086,borrower,Quarrystone Retail,1946 Harbor Boulevard,,Seattle,WA,98101,,,2026-08-19T15:51:35.091936+00:00,,,,,6650000,07/12/2024,2030-11-09,Desert Southwest Bank,Term Loan,
debt_records,DBT-2024-087,borrower,Ironbridge Office Inc,6652 Liberty Lane,Suite 13,Austin,TX,78701,,,2026-08-19T15:51:35.091936+00:00,,,,,5600000,"January 7, 2024",2031-04-17,Capitol Lakes Bank,Term Loan,
debt_records,DBT-2024-088,borrower,Birchwood Ventures,5105 Bay Lane,,Portland,OR,97201,,,2026-08-19T15:51:35.091936+00:00,,,,,8800000,2024-09-24,2028-03-12,Empire State Trust,Construction Loan,
debt_records,DBT-2024-089,borrower,Fairview Residential,3600 Canal Drive,Suite 5,Boston,MA,02110,,,2026-08-19T15:51:35.091936+00:00,,,,,1750000,04/16/2024,2027-12-20,Golden State Credit Union,Term Loan,
debt_records,DBT-2024-090,borrower,Larkspur Realty LP,3588 Tryon Lane,Suite 39,New Orleans,LA,70130,,,2026-08-19T15:51:35.091936+00:00,,,,,6300000,"February 27, 2024",2030-05-19,Hoosier Capital Bank,Refinance,
debt_records,DBT-2024-091,borrower,Elm Hollow Investors Inc,9253 Bay Street,,Phoenix,AZ,85018,,,2026-08-19T15:51:35.091936+00:00,,,,,1900000,2024-05-07,2029-03-29,Sandia Federal Bank,Term Loan,
debt_records,DBT-2024-092,borrower,Golden Gate Logistics LLC,8802 Peachtree Avenue,Suite 28,Houston,TX,77006,,,2026-08-19T15:51:35.091936+00:00,,,,,"$3,200,000","June 24, 2024",2031-06-16,Golden State Credit Union,Construction Loan,
debt_records,DBT-2024-093,borrower,Bluepeak Office Partners,3375 Century Street,,Seattle,WA,98101,,,2026-08-19T15:51:35.091936+00:00,,,,,"$9,750,000","March 28, 2024",2027-03-09,Sandia Federal Bank,Refinance,
debt_records,DBT-2024-094,borrower,Cornerstone Retail Group,7439 Canal Road,,Columbus,OH,43215,,,2026-08-19T15:51:35.091936+00:00,,,,,2250000,"August 1, 2024",2025-06-24,Republic Trust Bank,Bridge Loan,
debt_records,DBT-2024-095,borrower,Thornfield Ventures Group,5059 Elm Drive,,Nashville,TN,37217,,,2026-08-19T15:51:35.091936+00:00,,,,,"$1,850,000",2024-10-13,2027-08-26,Golden State Credit Union,Construction Loan,
debt_records,DBT-2024-096,borrower,Silverline Retail,1054 Summit Street,,San Francisco,CA,94117,,,2026-08-19T15:51:35.091936+00:00,,,,,"$1,250,000","December 27, 2024",2030-11-16,Volunteer State Bank,Refinance,
debt_records,DBT-2024-097,borrower,Prairie Wind Logistics Partners,6708 Westheimer Parkway,,Memphis,TN,38118,,,2026-08-19T15:51:35.091936+00:00,,,,,"$3,600,000","March 18, 2024",2027-02-07,Great Lakes Commercial Bank,Refinance,
debt_records,DBT-2024-098,borrower,Marlin Bay Industrial Inc,6897 Washington Drive,,Austin,TX,78701,,,2026-08-19T15:51:35.091936+00:00,,,,,"$6,350,000",2024-07-03,2030-06-01,Desert Southwest Bank,Refinance,
debt_records,DBT-2024-099,borrower,Ember Ridge Residential LLC,5707 Bay Avenue,Floor 28,Miami,FL,33131,,,2026-08-19T15:51:35.091936+00:00,,,,,900000,"September 27, 2024",2026-02-02,Great Lakes Commercial Bank,Construction Loan,
debt_records,DBT-2024-100,borrower,Ironbridge Residential Inc,8930 Commerce Road,Suite 36,San Francisco,CA,94117,,,2026-08-19T15:51:35.091936+00:00,,,,,"$9,250,000","February 14, 2024",2031-11-07,Midlands Trust,Construction Loan,
debt_records,DBT-2024-101,borrower,Ferngate Logistics Inc,2551 Tampa Avenue,,Chicago,IL,60601,,,2026-08-19T15:51:35.091936+00:00,,,,,"$5,450,000",2024-12-20,2030-04-07,Golden State Credit Union,Construction Loan,
debt_records,DBT-2024-102,borrower,Amberleaf Fund Partners,1112 Union Road,,Boston,MA,02110,,,2026-08-19T15:51:35.091936+00:00,,,,,"$2,350,000",2024-10-21,2029-05-23,Gulf Coast Bank,Term Loan,
debt_records,DBT-2024-103,borrower,Hearthstone Development Inc,734 Sunset Drive,Floor 5,San Francisco,CA,94117,,,2026-08-19T15:51:35.091936+00:00,,,,,3250000,04/16/2024,2027-09-05,Pacific Northwest Trust,Construction Loan,
debt_records,DBT-2024-104,borrower,Driftwood Partners,934 Canal Road,,Miami,FL,33131,,,2026-08-19T15:51:35.091936+00:00,,,,,"$2,050,000",2024-08-12,2029-11-22,Capitol Lakes Bank,Term Loan,
debt_records,DBT-2024-105,borrower,Hollow Creek Development Inc,5263 Tryon Boulevard,,Houston,TX,77006,,,2026-08-19T15:51:35.091936+00:00,,,,,"$6,300,000",17-Apr-24,2026-06-07,Hoosier Capital Bank,Construction Loan,
debt_records,DBT-2024-106,borrower,Blackthorn Residential,9703 Westheimer Lane,,New Orleans,LA,70130,,,2026-08-19T15:51:35.091936+00:00,,,,,700000,"April 27, 2024",2026-05-12,Sierra Nevada Bank,Refinance,past due 46 days
debt_records,DBT-2024-107,borrower,Ashgrove Retail Inc,6254 Heritage Boulevard,,Chicago,IL,60601,,,2026-08-19T15:51:35.091936+00:00,,,,,"$2,500,000",2024-11-01,2027-10-08,Capitol Lakes Bank,Bridge Loan,
debt_records,DBT-2023-109,borrower,Stonebridge Realty,8693 Canal Drive,Floor 39,Nashville,TN,37217,,,2026-08-19T15:51:35.091936+00:00,,,,,"$6,550,000",27-Jun-24,2027-11-30,Great Lakes Commercial Bank,Construction Loan,
debt_records,DBT-2024-110,borrower,Sagebrush Trust Fund,1524 Summit Lane,,Chicago,IL,60601,,,2026-08-19T15:51:35.091936+00:00,,,,,6800000,2024-12-02,2031-06-21,Pacific Northwest Trust,Bridge Loan,
debt_records,DBT-2024-111,borrower,Nightingale Partners Fund,3130 Riverside Boulevard,,Miami,FL,33131,,,2026-08-19T15:51:35.091936+00:00,,,,,4700000,10-Nov-24,2026-08-06,Desert Southwest Bank,Refinance,
debt_records,DBT-2024-112,borrower,Ashgrove Group,3123 Bay Lane,,Boston,MA,02110,,,2026-08-19T15:51:35.091936+00:00,,,,,"$8,600,000",2024-07-16,2025-12-14,Delta Commercial Credit,Construction Loan,
debt_records,DBT-2024-113,borrower,Twin Rivers Holdings Group,8753 Jefferson Boulevard,,Nashville,TN,37217,,,2026-08-19T15:51:35.091936+00:00,,,,,4050000,"August 19, 2024",2027-10-28,Golden State Credit Union,Bridge Loan,
debt_records,DBT-2023-114,borrower,Union Pacific Trust Fund,1625 Meridian Parkway,,Nashville,TN,37217,,,2026-08-19T15:51:35.091936+00:00,,,,,"$7,450,000",2024-09-22,2028-05-12,Midlands Trust,Term Loan,
debt_records,DBT-2024-115,borrower,Highland Park Investors,6791 Oak Road,,Chicago,IL,60601,,,2026-08-19T15:51:35.091936+00:00,,,,,2300000,2024-09-15,2027-06-18,Republic Trust Bank,Bridge Loan,
debt_records,DBT-2024-116,borrower,Ashford Fund Inc,9075 Broadway Boulevard,Suite 35,Memphis,TN,38118,,,2026-08-19T15:51:35.091936+00:00,,,,,"$8,400,000",2024-09-28,2027-04-15,Great Lakes Commercial Bank,Construction Loan,
debt_records,DBT-2024-117,borrower,Ironwood Capital Inc,9345 Tryon Drive,,Atlanta,GA,30303,,,2026-08-19T15:51:35.091936+00:00,,,,,3700000,"August 31, 2024",2030-08-30,Lakefront Bank,Term Loan,past due 67 days
debt_records,DBT-2024-118,borrower,Copper Basin Industrial Inc,5780 Airport Avenue,Suite 26,Austin,TX,78701,,,2026-08-19T15:51:35.091936+00:00,,,,,"$5,600,000",2024-04-09,2028-03-15,Lakefront Bank,Construction Loan,
debt_records,DBT-2024-119,borrower,Millbrook Commercial LP,8964 Century Avenue,,San Francisco,CA,94117,,,2026-08-19T15:51:35.091936+00:00,,,,,"$8,300,000",11/02/2024,2030-09-12,Golden State Credit Union,Refinance,
debt_records,DBT-2024-120,borrower,Hearthstone Commercial Fund,8892 Riverside Road,Floor 28,Phoenix,AZ,85018,,,2026-08-19T15:51:35.091936+00:00,,,,,8150000,2024-09-06,2028-09-05,Desert Southwest Bank,Construction Loan,
debt_records,DBT-2024-121,borrower,Cornerstone Partners Fund,3801 Congress Lane,,Seattle,WA,98101,,,2026-08-19T15:51:35.091936+00:00,,,,,"$5,050,000",05/21/2024,2028-03-27,Empire State Trust,Construction Loan,
debt_records,DBT-2024-122,borrower,Lakeshore Ventures Partners,7926 Century Street,,Seattle,WA,98101,,,2026-08-19T15:51:35.092936+00:00,,,,,"$9,000,000",10/14/2024,2032-03-20,Piedmont Triad Bank,Term Loan,
debt_records,DBT-2024-124,borrower,Silverline Logistics Inc,7064 Westheimer Street,,San Francisco,CA,94117,,,2026-08-19T15:51:35.092936+00:00,,,,,"$4,000,000",08/21/2024,2028-04-04,Golden State Credit Union,Construction Loan,
debt_records,DBT-2024-125,borrower,Yellowpine Group Fund,1588 Heritage Avenue,Floor 26,Phoenix,AZ,85018,,,2026-08-19T15:51:35.092936+00:00,,,,,"$3,400,000","September 12, 2024",2026-05-31,Gulf Coast Bank,Term Loan,
debt_records,DBT-2024-126,borrower,Larkspur Residential,1304 Washington Drive,Floor 13,Atlanta,GA,30303,,,2026-08-19T15:51:35.092936+00:00,,,,,"$1,900,000","August 12, 2024",2029-06-20,Capitol Lakes Bank,Refinance,
debt_records,DBT-2024-127,borrower,Kestrel Partners Inc,529 Market Drive,,Miami,FL,33131,,,2026-08-19T15:51:35.092936+00:00,,,,,"$5,550,000",05-Dec-24,2029-12-14,Gulf Coast Bank,Refinance,
debt_records,DBT-2024-128,borrower,Quarrystone Capital,6189 Meridian Street,Suite 16,Atlanta,GA,30303,,,2026-08-19T15:51:35.092936+00:00,,,,,"$3,350,000",2024-09-10,2027-12-07,Pacific Northwest Trust,Term Loan,
debt_records,DBT-2024-129,borrower,Ashford Industrial Group,1572 Heritage Street,,Miami,FL,33131,,,2026-08-19T15:51:35.092936+00:00,,,,,5450000,"April 8, 2024",2030-01-14,Volunteer State Bank,Construction Loan,
debt_records,DBT-2024-130,borrower,Ironbridge Logistics LLC,1228 Tampa Road,,Columbus,OH,43215,,,2026-08-19T15:51:35.092936+00:00,,,,,"$7,350,000",2024-12-25,2028-03-08,Front Range Bank,Bridge Loan,
debt_records,DBT-2024-131,borrower,Steelyard Realty LLC,266 Fillmore Road,,Chicago,IL,60601,,,2026-08-19T15:51:35.092936+00:00,,,,,6600000,2024-03-28,2025-08-30,First Capital Bank,Refinance,
debt_records,DBT-2024-132,borrower,Birchwood Commercial Group,6385 Summit Boulevard,,Miami,FL,33131,,,2026-08-19T15:51:35.092936+00:00,,,,,9400000,"December 26, 2024",2026-11-29,Piedmont Capital,Construction Loan,
debt_records,DBT-2024-133,borrower,Juniper Bend Properties,9768 Sunset Parkway,,Houston,TX,77006,,,2026-08-19T15:51:35.092936+00:00,,,,,"$7,250,000",2024-07-02,2032-01-02,Lakefront Bank,Bridge Loan,
debt_records,DBT-2023-134,borrower,Maple Crest Residential Fund,6160 Commerce Avenue,,New Orleans,LA,70130,,,2026-08-19T15:51:35.092936+00:00,,,,,"$5,700,000",18-Jun-24,2026-05-31,Pacific Northwest Trust,Refinance,
debt_records,DBT-2024-135,borrower,Rosewood Industrial LLC,4849 Tryon Lane,,Portland,OR,97201,,,2026-08-19T15:51:35.092936+00:00,,,,,1700000,04/12/2024,2027-12-16,Lowcountry Bank,Term Loan,
debt_records,DBT-2024-136,borrower,Fairview Partners Inc,2537 Highland Boulevard,Suite 1,Atlanta,GA,30303,,,2026-08-19T15:51:35.092936+00:00,,,,,"$8,400,000",2024-10-17,2031-09-25,Front Range Bank,Term Loan,
debt_records,DBT-2024-137,borrower,Marlin Bay Commercial,9790 Lakeshore Parkway,,Denver,CO,80202,,,2026-08-19T15:51:35.092936+00:00,,,,,950000,03/31/2024,2031-02-08,Crescent City Lending,Refinance,
debt_records,DBT-2024-138,borrower,Quarrystone Holdings Group,2788 Highland Avenue,Suite 32,New Orleans,LA,70130,,,2026-08-19T15:51:35.092936+00:00,,,,,1950000,06/21/2024,2030-07-07,Golden State Credit Union,Bridge Loan,
debt_records,DBT-2023-139,borrower,Ridgeline Investors Fund,2400 Congress Avenue,Floor 3,Nashville,TN,37217,,,2026-08-19T15:51:35.092936+00:00,,,,,7200000,03-Dec-24,2032-01-17,Great Lakes Commercial Bank,Bridge Loan,
debt_records,DBT-2024-140,borrower,Ironbridge Partners Inc,4531 Broadway Boulevard,Floor 26,Atlanta,GA,30303,,,2026-08-19T15:51:35.092936+00:00,,,,,4150000,02/23/2024,2029-01-07,Capitol Lakes Bank,Term Loan,
debt_records,DBT-2023-141,borrower,Silverpine Office,2229 Independent Street,,Denver,CO,80202,,,2026-08-19T15:51:35.092936+00:00,,,,,5000000,01/25/2024,2031-05-29,Desert Southwest Bank,Construction Loan,
debt_records,DBT-2024-142,borrower,Elm Hollow Holdings Inc,5409 Industrial Boulevard,,Miami,FL,33131,,,2026-08-19T15:51:35.092936+00:00,,,,,7800000,04/05/2024,2027-11-25,Highline Lending,Construction Loan,
debt_records,DBT-2023-143,borrower,Copperfield Properties Inc,2920 Sunset Boulevard,Suite 22,Chicago,IL,60601,,,2026-08-19T15:51:35.092936+00:00,,,,,3800000,09-Jul-24,2029-12-03,Desert Southwest Bank,Refinance,
debt_records,DBT-2024-144,borrower,Underhill Residential Fund,2957 Elm Lane,Suite 27,New Orleans,LA,70130,,,2026-08-19T15:51:35.092936+00:00,,,,,9400000,2024-04-07,2030-11-21,Desert Southwest Bank,Bridge Loan,
debt_records,DBT-2024-145,borrower,Silverline Properties LP,1143 Broadway Lane,,Memphis,TN,38118,,,2026-08-19T15:51:35.092936+00:00,,,,,1850000,11-May-24,2029-11-18,Lakefront Bank,Term Loan,
debt_records,DBT-2023-146,borrower,Hollow Creek Holdings LLC,1221 Industrial Road,,Atlanta,GA,30303,,,2026-08-19T15:51:35.092936+00:00,,,,,"$8,350,000",2024-07-17,2027-06-26,Midlands Trust,Term Loan,
debt_records,DBT-2024-147,borrower,Canyon Point Ventures Inc,5900 Summit Road,,Portland,OR,97201,,,2026-08-19T15:51:35.092936+00:00,,,,,3050000,03/19/2024,2029-03-30,Gateway Commercial Bank,Construction Loan,
debt_records,DBT-2024-148,borrower,Overlook Fund Inc,1402 Union Parkway,Suite 22,Seattle,WA,98101,,,2026-08-19T15:51:35.092936+00:00,,,,,"$4,550,000",02/05/2024,2028-03-03,Hoosier Capital Bank,Term Loan,
debt_records,DBT-2024-149,borrower,Bayshore Capital,7062 Union Street,,Chicago,IL,60601,,,2026-08-19T15:51:35.092936+00:00,,,,,2000000,07/14/2024,2025-06-15,Piedmont Triad Bank,Term Loan,past due 75 days
debt_records,DBT-2024-150,borrower,Crestpoint Retail Group,6418 Harbor Parkway,Floor 29,Chicago,IL,60601,,,2026-08-19T15:51:35.092936+00:00,,,,,6300000,"May 8, 2024",2029-04-14,Piedmont Capital,Bridge Loan,
debt_records,DBT-2024-151,borrower,Vantage Point Ventures Fund,412 Meridian Street,,Chicago,IL,60601,,,2026-08-19T15:51:35.092936+00:00,,,,,3400000,2024-08-09,2028-10-11,Sierra Nevada Bank,Refinance,
debt_records,DBT-2024-152,borrower,Copperfield Investors Partners,6825 Market Street,,Memphis,TN,38118,,,2026-08-19T15:51:35.092936+00:00,,,,,3250000,2024-06-21,2029-01-26,Desert Southwest Bank,Refinance,
debt_records,DBT-2024-153,borrower,Redwood Group LP,7470 Fillmore Road,,Chicago,IL,60601,,,2026-08-19T15:51:35.092936+00:00,,,,,"$1,150,000","February 25, 2024",2031-07-03,Great Lakes Commercial Bank,Bridge Loan,
debt_records,DBT-2024-154,borrower,Juniper Bend Fund LP,742 Bay Street,,Memphis,TN,38118,,,2026-08-19T15:51:35.092936+00:00,,,,,5600000,2024-03-29,2028-06-24,Pacific Northwest Trust,Construction Loan,
debt_records,DBT-2024-155,borrower,Falcon Creek Holdings,2702 Tryon Road,,Portland,OR,97201,,,2026-08-19T15:51:35.092936+00:00,,,,,600000,09/28/2024,2025-10-23,Golden State Credit Union,Term Loan,
debt_records,DBT-2024-156,borrower,Cascade Logistics Inc,9052 Airport Boulevard,Suite 20,Austin,TX,78701,,,2026-08-19T15:51:35.092936+00:00,,,,,"$7,650,000",2024-10-25,2030-06-04,Delta Commercial Credit,Construction Loan,
debt_records,DBT-2024-157,borrower,Vantage Point Commercial Group,6646 Westheimer Avenue,,Portland,OR,97201,,,2026-08-19T15:51:35.092936+00:00,,,,,"$1,000,000",07-May-24,2026-09-08,Sandia Federal Bank,Construction Loan,
debt_records,DBT-2024-158,borrower,Vantage Point Fund,7090 Sunset Street,,Seattle,WA,98101,,,2026-08-19T15:51:35.092936+00:00,,,,,4800000,"August 17, 2024",2025-08-21,First Capital Bank,Bridge Loan,
debt_records,DBT-2024-159,borrower,Bayshore Industrial Partners,6380 Main Lane,Suite 21,Atlanta,GA,30303,,,2026-08-19T15:51:35.092936+00:00,,,,,5800000,"June 30, 2024",2032-03-05,Volunteer State Bank,Bridge Loan,
debt_records,DBT-2024-161,borrower,Lakeshore Investors LP,8806 Westheimer Boulevard,,Miami,FL,33131,,,2026-08-19T15:51:35.092936+00:00,,,,,"$9,550,000","July 11, 2024",2029-03-06,Volunteer State Bank,Bridge Loan,
debt_records,DBT-2023-162,borrower,Thornfield Office LP,9790 Highland Road,,Chicago,IL,60601,,,2026-08-19T15:51:35.092936+00:00,,,,,"$1,450,000",09/17/2024,2026-09-08,Pacific Northwest Trust,Bridge Loan,
debt_records,DBT-2024-163,borrower,Bayshore Commercial LLC,9627 Bay Boulevard,Floor 40,Atlanta,GA,30303,,,2026-08-19T15:51:35.092936+00:00,,,,,"$2,250,000",08/23/2024,2029-02-15,Delta Commercial Credit,Term Loan,
debt_records,DBT-2024-164,borrower,Ember Ridge Partners,4883 Market Lane,,Seattle,WA,98101,,,2026-08-19T15:51:35.092936+00:00,,,,,6800000,2024-11-16,2031-05-09,Sandia Federal Bank,Refinance,
debt_records,DBT-2024-165,borrower,Amberleaf Ventures Inc,1926 Westheimer Boulevard,,Memphis,TN,38118,,,2026-08-19T15:51:35.092936+00:00,,,,,9450000,2024-05-14,2027-01-11,Delta Commercial Credit,Refinance,
debt_records,DBT-2024-166,borrower,Brightline Investors Inc,2326 Liberty Drive,,San Francisco,CA,94117,,,2026-08-19T15:51:35.092936+00:00,,,,,8850000,"April 21, 2024",2030-03-14,Crescent City Lending,Bridge Loan,
debt_records,DBT-2024-167,borrower,Hearthstone Holdings Inc,6941 Westheimer Drive,,Atlanta,GA,30303,,,2026-08-19T15:51:35.092936+00:00,,,,,5100000,08/16/2024,2025-07-20,Piedmont Triad Bank,Refinance,
debt_records,DBT-2024-168,borrower,Cascade Industrial Fund,8032 Bannock Avenue,,Austin,TX,78701,,,2026-08-19T15:51:35.092936+00:00,,,,,6450000,"October 6, 2024",2027-07-20,Gateway Commercial Bank,Construction Loan,
debt_records,DBT-2024-170,borrower,Larkspur Logistics Fund,3693 Summit Boulevard,,Memphis,TN,38118,,,2026-08-19T15:51:35.092936+00:00,,,,,6050000,2024-10-08,2028-07-12,Sandia Federal Bank,Term Loan,
debt_records,DBT-2024-171,borrower,Cornerstone Realty Inc,1864 Bay Boulevard,,New Orleans,LA,70130,,,2026-08-19T15:51:35.092936+00:00,,,,,4800000,10-Sep-24,2027-11-04,Lowcountry Bank,Term Loan,
debt_records,DBT-2023-172,borrower,Crestpoint Commercial Inc,8908 Washington Road,,Portland,OR,97201,,,2026-08-19T15:51:35.092936+00:00,,,,,4650000,"August 30, 2024",2026-02-14,Sierra Nevada Bank,Construction Loan,
debt_records,DBT-2024-173,borrower,Maple Crest Properties Partners,4065 Independent Parkway,,Miami,FL,33131,,,2026-08-19T15:51:35.092936+00:00,,,,,"$3,650,000",19-Nov-24,2031-11-01,Republic Trust Bank,Refinance,
debt_records,DBT-2024-174,borrower,Fairview Trust,1435 Industrial Parkway,,Miami,FL,33131,,,2026-08-19T15:51:35.093932+00:00,,,,,4000000,"May 16, 2024",2026-03-02,Highline Lending,Construction Loan,
debt_records,DBT-2024-175,borrower,Fairview Fund Partners,7025 Airport Road,,San Francisco,CA,94117,,,2026-08-19T15:51:35.093932+00:00,,,,,"$8,750,000",06/12/2024,2030-11-07,Crescent City Lending,Term Loan,
debt_records,DBT-2024-176,borrower,Ridgeline Properties Fund,9350 Jefferson Road,Floor 28,Columbus,OH,43215,,,2026-08-19T15:51:35.093932+00:00,,,,,"$1,500,000",2024-04-14,2027-01-12,Midlands Trust,Construction Loan,
debt_records,DBT-2024-177,borrower,Bluepeak Commercial,8438 Union Avenue,Floor 30,Memphis,TN,38118,,,2026-08-19T15:51:35.093932+00:00,,,,,4650000,"March 24, 2024",2031-12-29,Pacific Northwest Trust,Refinance,
debt_records,DBT-2024-178,borrower,Elm Hollow Partners,2088 Canal Avenue,,Miami,FL,33131,,,2026-08-19T15:51:35.093932+00:00,,,,,"$7,000,000",2024-01-18,2028-08-02,Sandia Federal Bank,Term Loan,
debt_records,DBT-2024-179,borrower,Northgate Retail Partners,6444 Century Avenue,Suite 6,Miami,FL,33131,,,2026-08-19T15:51:35.093932+00:00,,,,,5800000,30-Jul-24,2029-04-08,Empire State Trust,Bridge Loan,
debt_records,DBT-2024-180,borrower,Delta Ridge Investors LP,5372 Main Parkway,Floor 15,Nashville,TN,37217,,,2026-08-19T15:51:35.093932+00:00,,,,,2450000,2024-01-27,2027-12-11,Capitol Lakes Bank,Refinance,
debt_records,DBT-2024-181,borrower,Meridian Commercial Inc,6526 Fillmore Drive,Floor 32,New Orleans,LA,70130,,,2026-08-19T15:51:35.093932+00:00,,,,,"$550,000",02/04/2024,2025-11-12,Piedmont Triad Bank,Refinance,
debt_records,DBT-2024-182,borrower,Driftwood Retail Inc,4656 Franklin Road,Suite 40,Chicago,IL,60601,,,2026-08-19T15:51:35.093932+00:00,,,,,"$3,800,000","March 22, 2024",2027-09-04,Midlands Trust,Term Loan,
debt_records,DBT-2024-183,borrower,Steelyard Capital Fund,803 Oak Street,,Chicago,IL,60601,,,2026-08-19T15:51:35.093932+00:00,,,,,9300000,"February 24, 2024",2027-09-21,Front Range Bank,Construction Loan,past due 44 days
debt_records,DBT-2024-184,borrower,Birchwood Group Inc,2598 Industrial Drive,Suite 20,Phoenix,AZ,85018,,,2026-08-19T15:51:35.093932+00:00,,,,,5500000,2024-04-15,2031-01-07,Sandia Federal Bank,Construction Loan,
debt_records,DBT-2023-185,borrower,Greystone Trust Inc,2171 Independent Avenue,,Phoenix,AZ,85018,,,2026-08-19T15:51:35.093932+00:00,,,,,"$6,150,000",2024-01-16,2032-05-11,Gulf Coast Bank,Term Loan,
debt_records,DBT-2024-186,borrower,Windermere Residential Inc,4499 Market Lane,,Miami,FL,33131,,,2026-08-19T15:51:35.093932+00:00,,,,,"$3,100,000",06/01/2024,2025-10-22,Sandia Federal Bank,Bridge Loan,past due 26 days
debt_records,DBT-2023-187,borrower,Brightline Fund Inc,2721 Riverside Drive,,Seattle,WA,98101,,,2026-08-19T15:51:35.093932+00:00,,,,,"$9,150,000",10/15/2024,2030-10-17,Sandia Federal Bank,Construction Loan,
debt_records,DBT-2024-188,borrower,Silverline Realty Inc,5015 Grant Drive,,Seattle,WA,98101,,,2026-08-19T15:51:35.093932+00:00,,,,,3950000,2024-05-23,2028-07-28,Piedmont Capital,Construction Loan,
debt_records,DBT-2024-189,borrower,Westbrook Fund Inc,3715 Heritage Lane,,Houston,TX,77006,,,2026-08-19T15:51:35.093932+00:00,,,,,6500000,"April 28, 2024",2025-12-11,Desert Southwest Bank,Refinance,
debt_records,DBT-2024-190,borrower,Hearthstone Group Group,162 Main Lane,,Nashville,TN,37217,,,2026-08-19T15:51:35.093932+00:00,,,,,"$5,700,000",26-Jun-24,2028-09-10,First Capital Bank,Refinance,
debt_records,DBT-2024-191,borrower,Union Pacific Fund,1473 Union Street,,Atlanta,GA,30303,,,2026-08-19T15:51:35.093932+00:00,,,,,"$8,150,000",2024-01-22,2029-04-07,Piedmont Triad Bank,Bridge Loan,
debt_records,DBT-2024-192,borrower,Kestrel Investors Inc,2191 Peachtree Street,,Atlanta,GA,30303,,,2026-08-19T15:51:35.093932+00:00,,,,,"$9,950,000","October 5, 2024",2025-11-19,Sandia Federal Bank,Term Loan,
debt_records,DBT-2024-193,borrower,Zenith Point Properties,2698 Industrial Boulevard,,New Orleans,LA,70130,,,2026-08-19T15:51:35.093932+00:00,,,,,"$8,700,000",2024-06-28,2029-12-28,Empire State Trust,Term Loan,
debt_records,DBT-2024-194,borrower,Driftwood Development LLC,3500 Peachtree Drive,,San Francisco,CA,94117,,,2026-08-19T15:51:35.093932+00:00,,,,,"$800,000","July 26, 2024",2028-10-23,Gulf Coast Bank,Bridge Loan,
debt_records,DBT-2024-195,borrower,Silverline Commercial Inc,1656 Canal Parkway,Suite 28,Phoenix,AZ,85018,,,2026-08-19T15:51:35.093932+00:00,,,,,8000000,11/01/2024,2028-10-12,Desert Southwest Bank,Construction Loan,
debt_records,DBT-2024-196,borrower,Zenith Point Partners,1390 Tryon Road,Floor 25,Memphis,TN,38118,,,2026-08-19T15:51:35.093932+00:00,,,,,"$800,000",27-Oct-24,2032-05-15,First Capital Bank,Construction Loan,
debt_records,DBT-2024-197,borrower,Twin Rivers Investors Inc,449 Independent Avenue,,San Francisco,CA,94117,,,2026-08-19T15:51:35.093932+00:00,,,,,9500000,2024-06-21,2028-02-14,Lowcountry Bank,Construction Loan,
debt_records,DBT-2024-198,borrower,Amberleaf Holdings LP,4852 Riverside Parkway,,Atlanta,GA,30303,,,2026-08-19T15:51:35.093932+00:00,,,,,3700000,02-Apr-24,2030-08-11,Delta Commercial Credit,Construction Loan,
debt_records,DBT-2024-199,borrower,Ridgeline Partners LP,3959 Century Lane,,Denver,CO,80202,,,2026-08-19T15:51:35.093932+00:00,,,,,8850000,11-Apr-24,2030-10-27,Highline Lending,Refinance,
debt_records,DBT-2024-200,borrower,Millbrook Residential Partners,5195 Canal Drive,,Chicago,IL,60601,,,2026-08-19T15:51:35.093932+00:00,,,,,"$6,100,000",29-Feb-24,2026-07-21,Republic Trust Bank,Refinance,
debt_records,DBT-2024-201,borrower,Birchwood Office,6530 Liberty Boulevard,Floor 5,Portland,OR,97201,,,2026-08-19T15:51:35.093932+00:00,,,,,"$2,000,000",07/02/2024,2030-09-27,Piedmont Triad Bank,Bridge Loan,
debt_records,DBT-2024-202,borrower,Ashford Development Inc,6600 Market Lane,,San Francisco,CA,94117,,,2026-08-19T15:51:35.093932+00:00,,,,,"$4,300,000",04-Apr-24,2031-12-11,Republic Trust Bank,Refinance,past due 16 days
debt_records,DBT-2024-203,borrower,Sable Point Fund Group,3339 Peachtree Road,,Phoenix,AZ,85018,,,2026-08-19T15:51:35.093932+00:00,,,,,"$3,200,000",04-May-24,2030-10-20,Great Lakes Commercial Bank,Term Loan,
debt_records,DBT-2024-204,borrower,Foundry Square Realty,7177 Tryon Street,,San Francisco,CA,94117,,,2026-08-19T15:51:35.093932+00:00,,,,,5100000,"October 16, 2024",2027-04-06,Hoosier Capital Bank,Term Loan,
debt_records,DBT-2024-205,borrower,Vantage Point Trust Inc,911 Independent Lane,,Nashville,TN,37217,,,2026-08-19T15:51:35.093932+00:00,,,,,7000000,2024-08-18,2032-03-19,Piedmont Capital,Refinance,
debt_records,DBT-2024-206,borrower,Copperfield Residential Group,4413 Bay Parkway,,Austin,TX,78701,,,2026-08-19T15:51:35.093932+00:00,,,,,"$4,850,000","November 24, 2024",2025-11-11,Crescent City Lending,Construction Loan,
debt_records,DBT-2024-207,borrower,Cornerstone Office Fund,4466 Heritage Street,,Atlanta,GA,30303,,,2026-08-19T15:51:35.093932+00:00,,,,,4850000,12/04/2024,2031-11-08,Volunteer State Bank,Refinance,
debt_records,DBT-2024-208,borrower,Crestpoint Group Partners,9297 Airport Boulevard,Floor 16,Nashville,TN,37217,,,2026-08-19T15:51:35.093932+00:00,,,,,"$8,900,000",2024-06-20,2031-03-22,Empire State Trust,Refinance,
debt_records,DBT-2024-209,borrower,Falcon Creek Capital LP,1899 Grant Lane,,Seattle,WA,98101,,,2026-08-19T15:51:35.093932+00:00,,,,,"$4,800,000",01-Mar-24,2028-09-06,Front Range Bank,Bridge Loan,
debt_records,DBT-2024-210,borrower,Foundry Square Commercial,211 Tryon Street,,Miami,FL,33131,,,2026-08-19T15:51:35.093932+00:00,,,,,2900000,"March 4, 2024",2029-08-21,Sandia Federal Bank,Construction Loan,
debt_records,DBT-2024-211,borrower,Silverline Capital Group,4077 Broadway Lane,,Chicago,IL,60601,,,2026-08-19T15:51:35.093932+00:00,,,,,"$2,250,000","November 17, 2024",2030-11-27,Highline Lending,Term Loan,
debt_records,DBT-2024-212,borrower,Oakwood Commercial Inc,8460 Oak Drive,Suite 28,Portland,OR,97201,,,2026-08-19T15:51:35.093932+00:00,,,,,"$3,550,000","January 6, 2024",2026-08-31,Great Lakes Commercial Bank,Refinance,
debt_records,DBT-2024-213,borrower,Ironbridge Capital,5100 Lakeshore Street,,Miami,FL,33131,,,2026-08-19T15:51:35.093932+00:00,,,,,9950000,"April 14, 2024",2031-06-28,Sandia Federal Bank,Term Loan,
debt_records,DBT-2024-214,borrower,Union Pacific Realty Partners,4787 Independent Lane,,Boston,MA,02110,,,2026-08-19T15:51:35.093932+00:00,,,,,"$5,400,000",2024-02-24,2025-06-13,Gulf Coast Bank,Term Loan,
debt_records,DBT-2024-215,borrower,Steelyard Logistics LP,8093 Camelback Lane,,Houston,TX,77006,,,2026-08-19T15:51:35.093932+00:00,,,,,"$4,850,000",19-May-24,2027-09-19,Capitol Lakes Bank,Construction Loan,
debt_records,DBT-2024-216,borrower,Fairview Capital Inc,6728 Elm Avenue,,Columbus,OH,43215,,,2026-08-19T15:51:35.093932+00:00,,,,,4200000,25-Jul-24,2027-09-27,Lowcountry Bank,Construction Loan,
debt_records,DBT-2024-217,borrower,Millbrook Capital Group,5685 Main Boulevard,,New Orleans,LA,70130,,,2026-08-19T15:51:35.093932+00:00,,,,,"$5,900,000","October 19, 2024",2029-04-14,Front Range Bank,Bridge Loan,
debt_records,DBT-2024-218,borrower,Millbrook Ventures,6174 Independent Street,Suite 38,Columbus,OH,43215,,,2026-08-19T15:51:35.093932+00:00,,,,,"$2,500,000",01/19/2024,2029-09-10,Volunteer State Bank,Term Loan,
debt_records,DBT-2023-219,borrower,Greystone Development,991 Peachtree Lane,Floor 18,Nashville,TN,37217,,,2026-08-19T15:51:35.093932+00:00,,,,,7800000,2024-03-26,2031-04-03,Crescent City Lending,Construction Loan,
debt_records,DBT-2023-221,borrower,Hearthstone Properties Inc,6471 Congress Road,,Austin,TX,78701,,,2026-08-19T15:51:35.093932+00:00,,,,,8250000,"March 10, 2024",2027-04-16,Midlands Trust,Bridge Loan,
debt_records,DBT-2024-222,borrower,Ember Ridge Development Partners,1030 Commerce Lane,Suite 5,Houston,TX,77006,,,2026-08-19T15:51:35.093932+00:00,,,,,"$7,200,000","September 27, 2024",2030-11-28,Lowcountry Bank,Construction Loan,
debt_records,DBT-2024-223,borrower,Pinecrest Fund Group,5355 Lakeshore Drive,,Miami,FL,33131,,,2026-08-19T15:51:35.093932+00:00,,,,,"$4,300,000","November 3, 2024",2029-07-15,Sandia Federal Bank,Bridge Loan,
debt_records,DBT-2024-224,borrower,Yellowpine Partners Inc,9589 Union Avenue,,Austin,TX,78701,,,2026-08-19T15:51:35.093932+00:00,,,,,"$6,700,000",12-Mar-24,2028-10-19,Front Range Bank,Bridge Loan,
debt_records,DBT-2024-225,borrower,Falcon Creek Retail Fund,6670 Bay Road,,Denver,CO,80202,,,2026-08-19T15:51:35.093932+00:00,,,,,1450000,"January 28, 2024",2029-05-06,Capitol Lakes Bank,Construction Loan,past due 76 days
debt_records,DBT-2024-226,borrower,Delta Ridge Development Inc,4351 Bay Street,,Nashville,TN,37217,,,2026-08-19T15:51:35.093932+00:00,,,,,"$5,250,000",30-Dec-24,2031-09-18,Golden State Credit Union,Construction Loan,
debt_records,DBT-2023-227,borrower,Hollow Creek Properties,5380 Peachtree Street,,Miami,FL,33131,,,2026-08-19T15:51:35.093932+00:00,,,,,7700000,2024-08-09,2031-03-07,Gateway Commercial Bank,Refinance,
debt_records,DBT-2024-228,borrower,Prairie Wind Industrial,812 Independent Boulevard,Suite 13,San Francisco,CA,94117,,,2026-08-19T15:51:35.093932+00:00,,,,,"$7,750,000",2024-01-22,2025-11-28,Hoosier Capital Bank,Refinance,
debt_records,DBT-2024-229,borrower,Silverpine Capital LP,7418 Tryon Street,Suite 17,Miami,FL,33131,,,2026-08-19T15:51:35.093932+00:00,,,,,8350000,"March 25, 2024",2030-12-13,Sandia Federal Bank,Refinance,
debt_records,DBT-2024-230,borrower,Delta Ridge Realty Partners,1020 Grant Avenue,,Columbus,OH,43215,,,2026-08-19T15:51:35.093932+00:00,,,,,"$3,600,000",12/15/2024,2032-01-11,Hoosier Capital Bank,Construction Loan,
debt_records,DBT-2024-231,borrower,Overlook Partners LP,6573 Washington Lane,,Boston,MA,02110,,,2026-08-19T15:51:35.093932+00:00,,,,,"$3,650,000",2024-05-11,2026-08-11,Gulf Coast Bank,Refinance,
debt_records,DBT-2024-232,borrower,Meridian Partners,7275 Canal Street,Suite 11,Phoenix,AZ,85018,,,2026-08-19T15:51:35.093932+00:00,,,,,6550000,"June 9, 2024",2026-01-20,Front Range Bank,Term Loan,
debt_records,DBT-2024-233,borrower,Bluepeak Ventures,6481 Century Street,,Atlanta,GA,30303,,,2026-08-19T15:51:35.093932+00:00,,,,,"$8,150,000",30-Apr-24,2028-08-17,First Capital Bank,Term Loan,
debt_records,DBT-2024-234,borrower,Bluepeak Logistics Inc,4036 Bannock Drive,,Houston,TX,77006,,,2026-08-19T15:51:35.093932+00:00,,,,,4200000,"December 23, 2024",2027-02-13,Desert Southwest Bank,Refinance,
debt_records,DBT-2023-235,borrower,Lakeshore Properties,4593 Highland Avenue,,Denver,CO,80202,,,2026-08-19T15:51:35.093932+00:00,,,,,5500000,21-Jan-24,2032-04-21,Gulf Coast Bank,Refinance,
debt_records,DBT-2024-236,borrower,Delta Ridge Group LLC,8917 Elm Drive,,Atlanta,GA,30303,,,2026-08-19T15:51:35.093932+00:00,,,,,3350000,05/13/2024,2027-03-07,Gateway Commercial Bank,Refinance,
debt_records,DBT-2024-237,borrower,Juniper Bend Group LP,7950 Jefferson Road,,Portland,OR,97201,,,2026-08-19T15:51:35.093932+00:00,,,,,"$4,650,000",24-Jul-24,2030-02-07,Pacific Northwest Trust,Bridge Loan,past due 22 days
debt_records,DBT-2024-238,borrower,Brightline Properties Group,490 Tampa Street,Floor 9,Boston,MA,02110,,,2026-08-19T15:51:35.093932+00:00,,,,,8700000,"December 18, 2024",2029-01-01,Empire State Trust,Bridge Loan,
debt_records,DBT-2024-239,borrower,Sable Point Development Fund,9578 Grant Avenue,,Portland,OR,97201,,,2026-08-19T15:51:35.093932+00:00,,,,,"$4,600,000","May 9, 2024",2029-10-13,Empire State Trust,Construction Loan,
debt_records,DBT-2023-240,borrower,Willowbrook Capital,926 Grant Road,,New Orleans,LA,70130,,,2026-08-19T15:51:35.093932+00:00,,,,,1000000,2024-05-08,2030-01-29,Capitol Lakes Bank,Construction Loan,
debt_records,DBT-2024-241,borrower,Coastal Bend Office LP,6373 Jefferson Parkway,,Miami,FL,33131,,,2026-08-19T15:51:35.093932+00:00,,,,,"$6,900,000",2024-11-10,2029-08-06,Golden State Credit Union,Refinance,
debt_records,DBT-2024-242,borrower,Twin Rivers Ventures Inc,5771 Peachtree Road,,Columbus,OH,43215,,,2026-08-19T15:51:35.093932+00:00,,,,,"$6,300,000","January 21, 2024",2030-07-08,Republic Trust Bank,Construction Loan,
debt_records,DBT-2024-244,borrower,Sagebrush Partners,8045 Oak Street,,Austin,TX,78701,,,2026-08-19T15:51:35.093932+00:00,,,,,6900000,"February 8, 2024",2028-06-25,Lowcountry Bank,Term Loan,
debt_records,DBT-2024-246,borrower,Blackthorn Ventures LLC,5295 Canal Avenue,,Chicago,IL,60601,,,2026-08-19T15:51:35.094934+00:00,,,,,"$4,150,000",03/23/2024,2030-03-13,First Capital Bank,Bridge Loan,
debt_records,DBT-2024-247,borrower,Northgate Trust Partners,2864 Jefferson Avenue,Floor 12,Chicago,IL,60601,,,2026-08-19T15:51:35.094934+00:00,,,,,"$1,550,000",09/30/2024,2030-08-19,Front Range Bank,Bridge Loan,
debt_records,DBT-2024-248,borrower,Highland Park Fund Partners,4835 Canal Avenue,,Memphis,TN,38118,,,2026-08-19T15:51:35.094934+00:00,,,,,"$7,300,000","February 14, 2024",2026-02-15,Republic Trust Bank,Refinance,
debt_records,DBT-2024-249,borrower,Coastal Bend Capital LLC,1715 Century Avenue,,Houston,TX,77006,,,2026-08-19T15:51:35.094934+00:00,,,,,3400000,13-Nov-24,2030-11-02,Great Lakes Commercial Bank,Construction Loan,
debt_records,DBT-2024-250,borrower,Prairie Wind Partners,5510 Industrial Street,Floor 13,San Francisco,CA,94117,,,2026-08-19T15:51:35.094934+00:00,,,,,"$1,550,000",07/09/2024,2029-03-19,Lowcountry Bank,Term Loan,
debt_records,DBT-2024-251,borrower,Amberleaf Capital Group,5752 Yale Parkway,,Denver,CO,80202,,,2026-08-19T15:51:35.094934+00:00,,,,,"$1,850,000","November 22, 2024",2028-12-20,Desert Southwest Bank,Bridge Loan,
debt_records,DBT-2023-252,borrower,Underhill Commercial,6214 Jefferson Road,Floor 5,Nashville,TN,37217,,,2026-08-19T15:51:35.094934+00:00,,,,,"$9,600,000",2024-06-02,2029-12-23,Capitol Lakes Bank,Term Loan,
debt_records,DBT-2023-253,borrower,Ferngate Investors LP,5231 Yale Street,,Columbus,OH,43215,,,2026-08-19T15:51:35.094934+00:00,,,,,7400000,02/10/2024,2028-01-05,Empire State Trust,Refinance,
debt_records,DBT-2024-254,borrower,Brightline Group LLC,1238 Market Boulevard,,Austin,TX,78701,,,2026-08-19T15:51:35.094934+00:00,,,,,"$8,000,000",17-Feb-24,2029-02-25,Highline Lending,Construction Loan,
debt_records,DBT-2024-255,borrower,Amberleaf Office Inc,6715 Summit Boulevard,Suite 6,Boston,MA,02110,,,2026-08-19T15:51:35.094934+00:00,,,,,"$2,100,000",2024-12-24,2026-07-31,Hoosier Capital Bank,Term Loan,
debt_records,DBT-2024-256,borrower,Maple Crest Logistics LP,4622 Independent Avenue,,Seattle,WA,98101,,,2026-08-19T15:51:35.094934+00:00,,,,,"$4,900,000",08-Aug-24,2027-10-13,Piedmont Triad Bank,Refinance,
debt_records,DBT-2024-257,borrower,Vantage Point Capital Fund,8053 Peachtree Street,,New Orleans,LA,70130,,,2026-08-19T15:51:35.094934+00:00,,,,,2850000,02/28/2024,2029-12-18,Desert Southwest Bank,Bridge Loan,
debt_records,DBT-2024-258,borrower,Ashford Investors Fund,72 Commerce Street,,Chicago,IL,60601,,,2026-08-19T15:51:35.094934+00:00,,,,,1900000,04/21/2024,2028-07-07,Hoosier Capital Bank,Term Loan,
debt_records,DBT-2024-259,borrower,Palmetto Coast Office Inc,9843 Meridian Avenue,,Memphis,TN,38118,,,2026-08-19T15:51:35.094934+00:00,,,,,"$2,350,000","July 12, 2024",2031-03-27,Lakefront Bank,Bridge Loan,
debt_records,DBT-2024-260,borrower,Quailridge Development Inc,4791 Market Drive,Floor 30,Seattle,WA,98101,,,2026-08-19T15:51:35.094934+00:00,,,,,"$4,050,000",08/22/2024,2031-04-18,Sandia Federal Bank,Term Loan,
debt_records,DBT-2024-261,borrower,Lakeshore Industrial Inc,7725 Century Lane,,Atlanta,GA,30303,,,2026-08-19T15:51:35.094934+00:00,,,,,3500000,18-Jul-24,2028-06-09,Piedmont Capital,Bridge Loan,
debt_records,DBT-2023-262,borrower,Rosewood Trust,7313 Oak Boulevard,,Austin,TX,78701,,,2026-08-19T15:51:35.094934+00:00,,,,,"$4,100,000",2024-07-25,2025-08-23,Desert Southwest Bank,Bridge Loan,
debt_records,DBT-2023-263,borrower,Ironwood Development LLC,7629 Yale Avenue,,Nashville,TN,37217,,,2026-08-19T15:51:35.094934+00:00,,,,,9700000,"October 17, 2024",2029-03-29,Empire State Trust,Refinance,
debt_records,DBT-2024-264,borrower,Quailridge Commercial LP,8881 Broadway Parkway,,Portland,OR,97201,,,2026-08-19T15:51:35.094934+00:00,,,,,6500000,"November 15, 2024",2027-08-13,Sandia Federal Bank,Bridge Loan,
debt_records,DBT-2024-265,borrower,Blackthorn Investors,7789 Tryon Drive,Suite 15,Seattle,WA,98101,,,2026-08-19T15:51:35.094934+00:00,,,,,"$9,650,000",2024-09-30,2026-03-25,Lakefront Bank,Refinance,
debt_records,DBT-2024-266,borrower,Stonebridge Capital LLC,578 Liberty Road,,San Francisco,CA,94117,,,2026-08-19T15:51:35.094934+00:00,,,,,3700000,2024-04-17,2026-06-18,Highline Lending,Construction Loan,
debt_records,DBT-2024-267,borrower,Willowbrook Office Partners,7367 Westheimer Avenue,,Portland,OR,97201,,,2026-08-19T15:51:35.094934+00:00,,,,,"$7,850,000",20-Apr-24,2030-01-12,Empire State Trust,Refinance,
debt_records,DBT-2024-268,borrower,Ember Ridge Trust Inc,1293 Commerce Avenue,Suite 37,Atlanta,GA,30303,,,2026-08-19T15:51:35.094934+00:00,,,,,"$3,000,000",21-Mar-24,2028-01-16,Highline Lending,Construction Loan,
debt_records,DBT-2024-269,borrower,Canyon Point Commercial Inc,1107 Market Drive,,Phoenix,AZ,85018,,,2026-08-19T15:51:35.094934+00:00,,,,,"$550,000",06/02/2024,2030-04-04,Great Lakes Commercial Bank,Bridge Loan,
debt_records,DBT-2024-270,borrower,Northgate Realty Partners,9636 Heritage Parkway,,Columbus,OH,43215,,,2026-08-19T15:51:35.094934+00:00,,,,,7250000,"April 27, 2024",2027-04-12,Midlands Trust,Bridge Loan,
debt_records,DBT-2024-271,borrower,Overlook Residential,9293 Union Street,Floor 28,Austin,TX,78701,,,2026-08-19T15:51:35.094934+00:00,,,,,"$750,000","June 10, 2024",2028-05-01,Gateway Commercial Bank,Construction Loan,
debt_records,DBT-2024-272,borrower,Greystone Residential,7965 Meridian Street,,Atlanta,GA,30303,,,2026-08-19T15:51:35.094934+00:00,,,,,9900000,02/27/2024,2031-09-12,Capitol Lakes Bank,Bridge Loan,
debt_records,DBT-2024-273,borrower,Grayson Capital Partners,6591 Oak Drive,,Houston,TX,77006,,,2026-08-19T15:51:35.094934+00:00,,,,,"$3,800,000",2024-05-03,2031-06-17,Delta Commercial Credit,Term Loan,
debt_records,DBT-2023-274,borrower,Ridgeline Fund Partners,7795 Tampa Boulevard,,San Francisco,CA,94117,,,2026-08-19T15:51:35.094934+00:00,,,,,"$4,600,000","November 15, 2024",2030-05-17,Golden State Credit Union,Term Loan,past due 16 days
debt_records,DBT-2023-275,borrower,Birchwood Development Group,8064 Union Parkway,,Memphis,TN,38118,,,2026-08-19T15:51:35.094934+00:00,,,,,6100000,"March 25, 2024",2031-12-26,Highline Lending,Term Loan,
debt_records,DBT-2024-276,borrower,Silverpine Commercial Inc,1472 Camelback Drive,,Atlanta,GA,30303,,,2026-08-19T15:51:35.094934+00:00,,,,,7850000,"May 29, 2024",2028-05-04,Sandia Federal Bank,Term Loan,
debt_records,DBT-2023-277,borrower,Pinecrest Partners LLC,8313 Sunset Avenue,,San Francisco,CA,94117,,,2026-08-19T15:51:35.094934+00:00,,,,,"$3,600,000","August 10, 2024",2030-08-28,First Capital Bank,Refinance,
debt_records,DBT-2024-278,borrower,Ferngate Trust LLC,3298 Riverside Avenue,,Boston,MA,02110,,,2026-08-19T15:51:35.094934+00:00,,,,,2650000,18-Sep-24,2027-12-21,Highline Lending,Term Loan,
debt_records,DBT-2024-279,borrower,Hollow Creek Realty,7615 Liberty Drive,,Miami,FL,33131,,,2026-08-19T15:51:35.094934+00:00,,,,,"$7,200,000",01/09/2024,2032-06-01,Highline Lending,Refinance,
debt_records,DBT-2024-280,borrower,Valley Forge Commercial Inc,8018 Industrial Avenue,Suite 36,Chicago,IL,60601,,,2026-08-19T15:51:35.094934+00:00,,,,,5300000,2024-05-12,2027-05-28,Capitol Lakes Bank,Term Loan,
debt_records,DBT-2024-281,borrower,Pinecrest Office Inc,6343 Riverside Avenue,Floor 40,Columbus,OH,43215,,,2026-08-19T15:51:35.094934+00:00,,,,,"$9,650,000",26-Nov-24,2028-11-11,Lakefront Bank,Term Loan,
debt_records,DBT-2024-282,borrower,Summit Bay Commercial,8540 Sunset Road,,Seattle,WA,98101,,,2026-08-19T15:51:35.094934+00:00,,,,,"$1,000,000",2024-07-18,2027-03-04,Desert Southwest Bank,Refinance,
debt_records,DBT-2024-283,borrower,Westbrook Retail Inc,8485 Tryon Street,,Austin,TX,78701,,,2026-08-19T15:51:35.094934+00:00,,,,,7250000,07/12/2024,2028-11-12,Piedmont Capital,Term Loan,
debt_records,DBT-2024-284,borrower,Silverline Fund Inc,2302 Elm Lane,Floor 22,Chicago,IL,60601,,,2026-08-19T15:51:35.094934+00:00,,,,,1200000,"December 22, 2024",2026-02-08,Piedmont Capital,Bridge Loan,
debt_records,DBT-2024-285,borrower,Timberlake Group Inc,6371 Oak Road,,Atlanta,GA,30303,,,2026-08-19T15:51:35.094934+00:00,,,,,"$1,650,000",28-Dec-24,2026-10-14,Capitol Lakes Bank,Construction Loan,
debt_records,DBT-2024-286,borrower,Northgate Ventures Inc,9382 Camelback Boulevard,,San Francisco,CA,94117,,,2026-08-19T15:51:35.094934+00:00,,,,,5700000,04/11/2024,2030-12-09,First Capital Bank,Construction Loan,
debt_records,DBT-2023-287,borrower,Quailridge Group LP,7804 Jefferson Road,,Portland,OR,97201,,,2026-08-19T15:51:35.094934+00:00,,,,,850000,"September 25, 2024",2025-07-05,Hoosier Capital Bank,Term Loan,
debt_records,DBT-2024-288,borrower,Driftwood Properties Group,7723 Canal Lane,Floor 22,Denver,CO,80202,,,2026-08-19T15:51:35.094934+00:00,,,,,"$5,500,000","May 25, 2024",2032-02-06,Pacific Northwest Trust,Term Loan,
debt_records,DBT-2024-289,borrower,Rosewood Group Inc,5509 Market Avenue,,Phoenix,AZ,85018,,,2026-08-19T15:51:35.094934+00:00,,,,,"$8,000,000",29-May-24,2027-12-13,Lakefront Bank,Bridge Loan,
debt_records,DBT-2023-290,borrower,Twin Rivers Retail LLC,3669 Independent Drive,,Chicago,IL,60601,,,2026-08-19T15:51:35.094934+00:00,,,,,"$9,850,000",21-Jun-24,2030-02-08,Highline Lending,Refinance,
debt_records,DBT-2024-291,borrower,Pinecrest Capital Inc,3197 Liberty Street,,Phoenix,AZ,85018,,,2026-08-19T15:51:35.094934+00:00,,,,,700000,2024-01-24,2031-03-29,Highline Lending,Bridge Loan,
debt_records,DBT-2024-292,borrower,Hearthstone Trust Inc,7506 Peachtree Boulevard,,Phoenix,AZ,85018,,,2026-08-19T15:51:35.094934+00:00,,,,,3750000,"February 7, 2024",2029-01-03,Highline Lending,Construction Loan,
debt_records,DBT-2024-293,borrower,Ashgrove Fund Inc,2907 Lakeshore Lane,,Chicago,IL,60601,,,2026-08-19T15:51:35.094934+00:00,,,,,"$1,000,000","March 14, 2024",2032-05-19,Great Lakes Commercial Bank,Term Loan,
debt_records,DBT-2024-294,borrower,Valley Forge Ventures Fund,2772 Airport Drive,,Boston,MA,02110,,,2026-08-19T15:51:35.094934+00:00,,,,,"$9,750,000",09/27/2024,2026-12-12,Desert Southwest Bank,Refinance,
debt_records,DBT-2024-295,borrower,Sagebrush Office Group,7045 Sunset Drive,Floor 37,Atlanta,GA,30303,,,2026-08-19T15:51:35.094934+00:00,,,,,5650000,20-Oct-24,2027-06-15,Lowcountry Bank,Construction Loan,
debt_records,DBT-2024-296,borrower,Summit Bay Logistics Partners,2746 Congress Parkway,,Memphis,TN,38118,,,2026-08-19T15:51:35.094934+00:00,,,,,"$7,900,000",2024-08-21,2026-06-03,Pacific Northwest Trust,Refinance,
debt_records,DBT-2024-297,borrower,Millbrook Retail,8534 Heritage Boulevard,,San Francisco,CA,94117,,,2026-08-19T15:51:35.094934+00:00,,,,,"$3,350,000",2024-03-30,2027-07-20,Hoosier Capital Bank,Construction Loan,
debt_records,DBT-2024-298,borrower,Greystone Retail LLC,3097 Airport Parkway,,Chicago,IL,60601,,,2026-08-19T15:51:35.094934+00:00,,,,,2700000,"November 23, 2024",2026-09-26,Great Lakes Commercial Bank,Bridge Loan,
debt_records,DBT-2024-299,borrower,Pinnacle Residential,9671 Liberty Avenue,,Columbus,OH,43215,,,2026-08-19T15:51:35.094934+00:00,,,,,4900000,03/11/2024,2031-09-16,Pacific Northwest Trust,Construction Loan,
debt_records,DBT-2024-300,borrower,Yellowpine Commercial Fund,4200 Summit Road,Floor 35,Phoenix,AZ,85018,,,2026-08-19T15:51:35.094934+00:00,,,,,"$3,250,000",08-Oct-24,2029-09-14,Hoosier Capital Bank,Term Loan,
debt_records,DBT-2024-301,borrower,Ferngate Capital Partners,6838 Industrial Drive,Floor 37,Denver,CO,80202,,,2026-08-19T15:51:35.094934+00:00,,,,,4450000,"April 8, 2024",2028-05-29,Sierra Nevada Bank,Term Loan,
debt_records,DBT-2024-302,borrower,Timberlake Fund LLC,8976 Yale Drive,,Denver,CO,80202,,,2026-08-19T15:51:35.094934+00:00,,,,,5450000,11/03/2024,2029-10-18,First Capital Bank,Bridge Loan,
debt_records,DBT-2023-303,borrower,Golden Gate Group LLC,1728 Liberty Lane,,Phoenix,AZ,85018,,,2026-08-19T15:51:35.094934+00:00,,,,,"$4,600,000",09-Nov-24,2028-07-18,Delta Commercial Credit,Bridge Loan,
debt_records,DBT-2024-304,borrower,Westbrook Commercial Partners,3282 Yale Parkway,,Houston,TX,77006,,,2026-08-19T15:51:35.094934+00:00,,,,,"$2,550,000",18-May-24,2025-08-08,Pacific Northwest Trust,Construction Loan,
debt_records,DBT-2024-305,borrower,Westbrook Capital,4849 Airport Street,Suite 36,Atlanta,GA,30303,,,2026-08-19T15:51:35.094934+00:00,,,,,"$3,850,000","November 16, 2024",2030-09-25,First Capital Bank,Bridge Loan,
debt_records,DBT-2024-306,borrower,Oakwood Realty,9416 Century Avenue,Floor 23,Miami,FL,33131,,,2026-08-19T15:51:35.094934+00:00,,,,,3100000,2024-07-24,2026-08-20,Desert Southwest Bank,Term Loan,
debt_records,DBT-2024-307,borrower,Highland Park Trust,1669 Yale Lane,Floor 16,San Francisco,CA,94117,,,2026-08-19T15:51:35.094934+00:00,,,,,"$2,900,000",08/27/2024,2030-12-22,Desert Southwest Bank,Refinance,
debt_records,DBT-2024-308,borrower,Brightline Retail,830 Union Parkway,Floor 4,Nashville,TN,37217,,,2026-08-19T15:51:35.094934+00:00,,,,,3100000,02/18/2024,2030-04-02,Gateway Commercial Bank,Construction Loan,
debt_records,DBT-2024-309,borrower,Rosewood Office Group,5133 Commerce Lane,,Portland,OR,97201,,,2026-08-19T15:51:35.094934+00:00,,,,,8000000,2024-02-08,2025-07-28,Gulf Coast Bank,Bridge Loan,
debt_records,DBT-2024-310,borrower,Zenith Point Realty,1566 Oak Street,,Denver,CO,80202,,,2026-08-19T15:51:35.094934+00:00,,,,,3450000,2024-12-17,2032-03-20,Gulf Coast Bank,Bridge Loan,
debt_records,DBT-2024-311,borrower,Quarrystone Investors Group,7181 Tampa Lane,,Chicago,IL,60601,,,2026-08-19T15:51:35.094934+00:00,,,,,"$2,000,000",09/09/2024,2032-01-06,Gateway Commercial Bank,Construction Loan,
debt_records,DBT-2024-312,borrower,Underhill Realty Inc,6329 Meridian Parkway,Suite 24,Memphis,TN,38118,,,2026-08-19T15:51:35.094934+00:00,,,,,1600000,"December 3, 2024",2027-05-02,Republic Trust Bank,Refinance,
debt_records,DBT-2024-313,borrower,Ridgeline Trust Group,970 Airport Street,Suite 5,San Francisco,CA,94117,,,2026-08-19T15:51:35.094934+00:00,,,,,1000000,"October 19, 2024",2026-12-21,Piedmont Capital,Construction Loan,
debt_records,DBT-2024-314,borrower,Highland Park Realty Inc,7188 Westheimer Road,,Houston,TX,77006,,,2026-08-19T15:51:35.094934+00:00,,,,,"$7,400,000","June 18, 2024",2025-10-17,Capitol Lakes Bank,Refinance,
debt_records,DBT-2024-315,borrower,Ashford Office Partners,2150 Meridian Drive,,Seattle,WA,98101,,,2026-08-19T15:51:35.094934+00:00,,,,,950000,13-Feb-24,2028-08-05,First Capital Bank,Refinance,
debt_records,DBT-2024-316,borrower,Ironwood Fund Group,4296 Lakeshore Street,,Denver,CO,80202,,,2026-08-19T15:51:35.094934+00:00,,,,,"$8,350,000",05-Apr-24,2025-09-16,Sandia Federal Bank,Construction Loan,
debt_records,DBT-2024-317,borrower,Underhill Capital Fund,8608 Grant Lane,,San Francisco,CA,94117,,,2026-08-19T15:51:35.094934+00:00,,,,,8700000,03/07/2024,2029-01-02,Gateway Commercial Bank,Bridge Loan,
debt_records,DBT-2024-318,borrower,Palmetto Coast Capital Group,5552 Heritage Road,,Miami,FL,33131,,,2026-08-19T15:51:35.094934+00:00,,,,,850000,2024-07-18,2029-09-08,Volunteer State Bank,Bridge Loan,
debt_records,DBT-2024-319,borrower,Twin Rivers Fund Inc,6315 Peachtree Parkway,Floor 30,Seattle,WA,98101,,,2026-08-19T15:51:35.094934+00:00,,,,,9950000,"November 9, 2024",2028-09-17,Gateway Commercial Bank,Bridge Loan,
debt_records,DBT-2024-320,borrower,Foundry Square Development,2581 Liberty Parkway,,Miami,FL,33131,,,2026-08-19T15:51:35.094934+00:00,,,,,"$6,650,000","February 10, 2024",2029-02-02,Gateway Commercial Bank,Bridge Loan,
debt_records,DBT-2024-321,borrower,Oakwood Trust Inc,8065 Lakeshore Avenue,Suite 22,Nashville,TN,37217,,,2026-08-19T15:51:35.094934+00:00,,,,,"$8,750,000","April 24, 2024",2031-01-27,Gateway Commercial Bank,Refinance,past due 56 days
debt_records,DBT-2024-322,borrower,Yellowpine Capital LP,9029 Highland Drive,Floor 15,Boston,MA,02110,,,2026-08-19T15:51:35.094934+00:00,,,,,6650000,2024-12-11,2031-02-28,Highline Lending,Bridge Loan,
debt_records,DBT-2024-323,borrower,Timberlake Realty Inc,12 Market Parkway,Suite 6,New Orleans,LA,70130,,,2026-08-19T15:51:35.094934+00:00,,,,,3250000,"June 15, 2024",2028-09-15,Lowcountry Bank,Bridge Loan,
debt_records,DBT-2024-324,borrower,Ashford Residential LP,7484 Franklin Boulevard,,Boston,MA,02110,,,2026-08-19T15:51:35.094934+00:00,,,,,8700000,"January 24, 2024",2025-08-05,First Capital Bank,Term Loan,
debt_records,DBT-2024-325,borrower,Amberleaf Realty,5962 Industrial Street,,Seattle,WA,98101,,,2026-08-19T15:51:35.094934+00:00,,,,,"$550,000",2024-10-14,2026-02-02,Piedmont Capital,Refinance,
debt_records,DBT-2024-326,borrower,Rosewood Logistics,3643 Main Boulevard,,Denver,CO,80202,,,2026-08-19T15:51:35.095940+00:00,,,,,"$6,150,000",2024-06-15,2031-12-17,Pacific Northwest Trust,Construction Loan,
debt_records,DBT-2024-327,borrower,Copper Basin Group Fund,1751 Oak Avenue,,San Francisco,CA,94117,,,2026-08-19T15:51:35.095940+00:00,,,,,"$4,150,000",2024-08-04,2029-06-29,Crescent City Lending,Term Loan,
debt_records,DBT-2024-328,borrower,Blackthorn Group Inc,3219 Camelback Street,,Memphis,TN,38118,,,2026-08-19T15:51:35.095940+00:00,,,,,"$3,450,000",2024-01-22,2027-03-01,Pacific Northwest Trust,Term Loan,
debt_records,DBT-2024-329,borrower,Oakwood Logistics Inc,6447 Fillmore Drive,Floor 31,Phoenix,AZ,85018,,,2026-08-19T15:51:35.095940+00:00,,,,,7200000,11-Oct-24,2027-06-17,Piedmont Triad Bank,Construction Loan,
debt_records,DBT-2024-330,borrower,Silverline Partners Inc,6800 Oak Lane,,Portland,OR,97201,,,2026-08-19T15:51:35.095940+00:00,,,,,9950000,"May 29, 2024",2030-01-18,Crescent City Lending,Bridge Loan,
debt_records,DBT-2024-331,borrower,Quailridge Fund Partners,8270 Canal Drive,,Houston,TX,77006,,,2026-08-19T15:51:35.095940+00:00,,,,,"$8,750,000","March 9, 2024",2027-07-20,Lowcountry Bank,Term Loan,past due 16 days
debt_records,DBT-2024-332,borrower,Lakeshore Office,8699 Riverside Road,,Columbus,OH,43215,,,2026-08-19T15:51:35.095940+00:00,,,,,"$9,500,000",25-Jun-24,2025-09-08,Delta Commercial Credit,Bridge Loan,
debt_records,DBT-2024-333,borrower,Westbrook Ventures,9849 Lakeshore Road,,Seattle,WA,98101,,,2026-08-19T15:51:35.095940+00:00,,,,,"$8,400,000",13-Jul-24,2027-02-24,Gateway Commercial Bank,Bridge Loan,
debt_records,DBT-2024-334,borrower,Willowbrook Ventures Inc,2273 Broadway Road,Floor 8,Austin,TX,78701,,,2026-08-19T15:51:35.095940+00:00,,,,,"$850,000",2024-04-20,2027-08-22,Pacific Northwest Trust,Bridge Loan,
debt_records,DBT-2024-335,borrower,Larkspur Properties Inc,8985 Lakeshore Lane,,San Francisco,CA,94117,,,2026-08-19T15:51:35.095940+00:00,,,,,4650000,2024-11-23,2028-10-24,Piedmont Triad Bank,Bridge Loan,
debt_records,DBT-2024-336,borrower,Maple Crest Holdings,2923 Liberty Road,Floor 32,Austin,TX,78701,,,2026-08-19T15:51:35.095940+00:00,,,,,6850000,01/11/2024,2031-10-26,Delta Commercial Credit,Construction Loan,
debt_records,DBT-2023-338,borrower,Vantage Point Properties LP,6930 Main Road,,Phoenix,AZ,85018,,,2026-08-19T15:51:35.095940+00:00,,,,,8250000,06-Apr-24,2027-05-11,Capitol Lakes Bank,Construction Loan,
debt_records,DBT-2024-339,borrower,Golden Gate Properties LP,937 Camelback Boulevard,,Columbus,OH,43215,,,2026-08-19T15:51:35.095940+00:00,,,,,"$3,050,000","November 22, 2024",2031-06-01,Piedmont Capital,Construction Loan,
debt_records,DBT-2024-340,borrower,Quarrystone Realty LP,2646 Bannock Lane,,Portland,OR,97201,,,2026-08-19T15:51:35.095940+00:00,,,,,2400000,2024-03-24,2027-10-09,Piedmont Triad Bank,Refinance,
debt_records,DBT-2023-341,borrower,Cascade Investors Group,4845 Fillmore Parkway,Suite 4,Portland,OR,97201,,,2026-08-19T15:51:35.095940+00:00,,,,,"$1,950,000",07/31/2024,2030-09-08,Sierra Nevada Bank,Bridge Loan,
debt_records,DBT-2023-342,borrower,Silverpine Residential Fund,9205 Highland Avenue,,Seattle,WA,98101,,,2026-08-19T15:51:35.095940+00:00,,,,,"$1,950,000",04-Dec-24,2026-12-24,Gulf Coast Bank,Bridge Loan,
debt_records,DBT-2024-343,borrower,Stonebridge Development Inc,6835 Lakeshore Road,Suite 22,Atlanta,GA,30303,,,2026-08-19T15:51:35.095940+00:00,,,,,"$7,800,000",07-May-24,2027-08-20,Golden State Credit Union,Bridge Loan,
debt_records,DBT-2024-344,borrower,Overlook Industrial LP,6035 Summit Lane,,San Francisco,CA,94117,,,2026-08-19T15:51:35.095940+00:00,,,,,5550000,2024-05-24,2027-05-23,Golden State Credit Union,Term Loan,
debt_records,DBT-2024-345,borrower,Bluepeak Retail Group,2916 Congress Avenue,,Nashville,TN,37217,,,2026-08-19T15:51:35.095940+00:00,,,,,1300000,04/09/2024,2029-07-12,Lakefront Bank,Refinance,
debt_records,DBT-2024-346,borrower,Silverpine Holdings Group,7030 Tampa Road,Suite 15,Austin,TX,78701,,,2026-08-19T15:51:35.095940+00:00,,,,,"$2,150,000",08/05/2024,2029-06-10,Volunteer State Bank,Term Loan,
debt_records,DBT-2024-348,borrower,Silverpine Retail Fund,4944 Century Parkway,,Phoenix,AZ,85018,,,2026-08-19T15:51:35.095940+00:00,,,,,"$550,000","June 12, 2024",2028-05-05,Highline Lending,Bridge Loan,past due 17 days
debt_records,DBT-2024-349,borrower,Quarrystone Group LLC,9023 Jefferson Street,,Houston,TX,77006,,,2026-08-19T15:51:35.095940+00:00,,,,,8050000,"July 7, 2024",2030-02-28,Front Range Bank,Refinance,
debt_records,DBT-2024-350,borrower,Ember Ridge Office LP,8539 Congress Parkway,,Austin,TX,78701,,,2026-08-19T15:51:35.095940+00:00,,,,,"$7,050,000",2024-08-10,2025-06-12,Republic Trust Bank,Construction Loan,
debt_records,DBT-2024-351,borrower,Copperfield Ventures,6619 Market Boulevard,,New Orleans,LA,70130,,,2026-08-19T15:51:35.095940+00:00,,,,,"$6,200,000",10/05/2024,2025-07-24,Gulf Coast Bank,Refinance,
debt_records,DBT-2024-353,borrower,Hollow Creek Trust LLC,8701 Meridian Road,,Chicago,IL,60601,,,2026-08-19T15:51:35.095940+00:00,,,,,"$4,750,000",2024-08-07,2032-02-06,Lowcountry Bank,Construction Loan,
debt_records,DBT-2024-354,borrower,Oakwood Properties Inc,154 Bay Lane,,Miami,FL,33131,,,2026-08-19T15:51:35.095940+00:00,,,,,9450000,03/17/2024,2026-04-20,Highline Lending,Term Loan,
debt_records,DBT-2024-355,borrower,Kestrel Logistics Group,4004 Oak Lane,,Houston,TX,77006,,,2026-08-19T15:51:35.095940+00:00,,,,,"$3,700,000","February 29, 2024",2025-12-25,Piedmont Triad Bank,Bridge Loan,
debt_records,DBT-2023-356,borrower,Larkspur Partners Fund,4643 Elm Road,,San Francisco,CA,94117,,,2026-08-19T15:51:35.095940+00:00,,,,,"$2,700,000",05/18/2024,2031-11-08,Piedmont Triad Bank,Refinance,
debt_records,DBT-2024-357,borrower,Steelyard Commercial Fund,6153 Liberty Parkway,,Miami,FL,33131,,,2026-08-19T15:51:35.095940+00:00,,,,,"$5,800,000","April 24, 2024",2026-02-22,Gulf Coast Bank,Construction Loan,
debt_records,DBT-2024-358,borrower,Grayson Residential,8746 Main Lane,,New Orleans,LA,70130,,,2026-08-19T15:51:35.095940+00:00,,,,,3150000,"May 7, 2024",2028-01-12,Piedmont Triad Bank,Term Loan,
debt_records,DBT-2023-359,borrower,Valley Forge Realty Partners,3463 Fillmore Parkway,,Denver,CO,80202,,,2026-08-19T15:51:35.095940+00:00,,,,,7400000,12/04/2024,2026-12-24,First Capital Bank,Construction Loan,past due 35 days
debt_records,DBT-2024-360,borrower,Greystone Commercial LP,7140 Congress Lane,,New Orleans,LA,70130,,,2026-08-19T15:51:35.095940+00:00,,,,,7050000,06-Oct-24,2026-05-09,Pacific Northwest Trust,Term Loan,
debt_records,DBT-2023-361,borrower,Brightline Commercial,5444 Oak Street,,San Francisco,CA,94117,,,2026-08-19T15:51:35.095940+00:00,,,,,7450000,"December 4, 2024",2031-02-11,Crescent City Lending,Bridge Loan,
debt_records,DBT-2024-362,borrower,Oakwood Capital,8772 Main Lane,,Denver,CO,80202,,,2026-08-19T15:51:35.095940+00:00,,,,,1250000,"August 13, 2024",2031-02-06,Great Lakes Commercial Bank,Term Loan,
debt_records,DBT-2024-363,borrower,Highland Park Partners,1046 Oak Lane,,San Francisco,CA,94117,,,2026-08-19T15:51:35.095940+00:00,,,,,2500000,02-Jun-24,2032-02-04,Desert Southwest Bank,Refinance,
debt_records,DBT-2024-364,borrower,Windermere Properties LLC,4758 Independent Road,,Denver,CO,80202,,,2026-08-19T15:51:35.095940+00:00,,,,,3400000,"December 9, 2024",2030-10-07,First Capital Bank,Construction Loan,
debt_records,DBT-2024-365,borrower,Harborview Properties Group,514 Meridian Avenue,,Atlanta,GA,30303,,,2026-08-19T15:51:35.095940+00:00,,,,,6350000,19-Dec-24,2031-08-14,Delta Commercial Credit,Refinance,
debt_records,DBT-2024-366,borrower,Willowbrook Retail Inc,8951 Bannock Lane,,Atlanta,GA,30303,,,2026-08-19T15:51:35.095940+00:00,,,,,"$4,450,000",07-May-24,2028-05-20,Republic Trust Bank,Bridge Loan,
debt_records,DBT-2024-367,borrower,Ember Ridge Industrial Partners,9104 Peachtree Street,,New Orleans,LA,70130,,,2026-08-19T15:51:35.095940+00:00,,,,,3900000,2024-07-27,2028-07-02,Lowcountry Bank,Term Loan,
debt_records,DBT-2024-368,borrower,Ironbridge Commercial LLC,1404 Independent Avenue,,New Orleans,LA,70130,,,2026-08-19T15:51:35.095940+00:00,,,,,"$1,400,000",10/21/2024,2026-03-07,Piedmont Triad Bank,Bridge Loan,
debt_records,DBT-2024-369,borrower,Windermere Holdings LLC,8407 Peachtree Avenue,,Phoenix,AZ,85018,,,2026-08-19T15:51:35.095940+00:00,,,,,"$3,650,000","February 25, 2024",2028-01-09,Golden State Credit Union,Term Loan,
debt_records,DBT-2024-370,borrower,Copperfield Trust Group,2981 Riverside Parkway,,Denver,CO,80202,,,2026-08-19T15:51:35.095940+00:00,,,,,900000,"September 10, 2024",2027-01-14,Volunteer State Bank,Term Loan,
debt_records,DBT-2024-371,borrower,Underhill Holdings Partners,4117 Union Avenue,,New Orleans,LA,70130,,,2026-08-19T15:51:35.095940+00:00,,,,,7450000,02/03/2024,2031-03-14,Gateway Commercial Bank,Construction Loan,
debt_records,DBT-2024-372,borrower,Vantage Point Residential,9522 Century Boulevard,,San Francisco,CA,94117,,,2026-08-19T15:51:35.095940+00:00,,,,,3850000,2024-04-25,2029-01-28,Empire State Trust,Construction Loan,
debt_records,DBT-2024-373,borrower,Cornerstone Capital,1153 Camelback Boulevard,,Memphis,TN,38118,,,2026-08-19T15:51:35.095940+00:00,,,,,"$1,100,000",2024-06-16,2029-03-25,Lowcountry Bank,Bridge Loan,past due 76 days
debt_records,DBT-2024-374,borrower,Highland Park Industrial Inc,7393 Franklin Road,,Nashville,TN,37217,,,2026-08-19T15:51:35.095940+00:00,,,,,7350000,30-Aug-24,2026-04-18,Lakefront Bank,Construction Loan,
debt_records,DBT-2024-375,borrower,Cornerstone Industrial Inc,89 Lakeshore Avenue,Floor 21,Austin,TX,78701,,,2026-08-19T15:51:35.095940+00:00,,,,,4300000,"January 26, 2024",2025-09-10,Delta Commercial Credit,Term Loan,
debt_records,DBT-2024-376,borrower,Quailridge Industrial LP,5899 Canal Lane,,Miami,FL,33131,,,2026-08-19T15:51:35.095940+00:00,,,,,"$2,550,000","August 10, 2024",2030-04-02,Golden State Credit Union,Construction Loan,
debt_records,DBT-2024-377,borrower,Palmetto Coast Group Partners,2303 Summit Avenue,,Miami,FL,33131,,,2026-08-19T15:51:35.095940+00:00,,,,,"$2,150,000","June 12, 2024",2027-11-22,Volunteer State Bank,Construction Loan,
debt_records,DBT-2024-378,borrower,Driftwood Holdings LLC,8319 Elm Parkway,Floor 22,Miami,FL,33131,,,2026-08-19T15:51:35.095940+00:00,,,,,"$9,100,000",2024-06-20,2032-03-08,Gulf Coast Bank,Bridge Loan,
debt_records,DBT-2024-379,borrower,Juniper Bend Residential LLC,8914 Summit Drive,,Memphis,TN,38118,,,2026-08-19T15:51:35.095940+00:00,,,,,"$1,800,000","June 8, 2024",2029-11-30,Empire State Trust,Term Loan,
debt_records,DBT-2024-380,borrower,Crestpoint Investors,9670 Bannock Avenue,,Seattle,WA,98101,,,2026-08-19T15:51:35.095940+00:00,,,,,6550000,31-Jan-24,2025-06-26,Sandia Federal Bank,Construction Loan,
debt_records,DBT-2024-381,borrower,Greystone Holdings LP,2309 Industrial Avenue,Floor 29,New Orleans,LA,70130,,,2026-08-19T15:51:35.095940+00:00,,,,,2600000,19-May-24,2030-06-02,First Capital Bank,Bridge Loan,
debt_records,DBT-2024-382,borrower,Canyon Point Holdings Group,7999 Grant Street,,Boston,MA,02110,,,2026-08-19T15:51:35.095940+00:00,,,,,"$7,300,000","April 26, 2024",2030-03-28,Sierra Nevada Bank,Bridge Loan,
debt_records,DBT-2024-383,borrower,Ironwood Residential LP,3397 Heritage Parkway,,Memphis,TN,38118,,,2026-08-19T15:51:35.095940+00:00,,,,,"$1,100,000",14-Sep-24,2029-01-19,Volunteer State Bank,Refinance,
debt_records,DBT-2024-384,borrower,Pinecrest Industrial Group,1701 Heritage Lane,,Chicago,IL,60601,,,2026-08-19T15:51:35.095940+00:00,,,,,7350000,12-Mar-24,2027-08-02,Desert Southwest Bank,Term Loan,
debt_records,DBT-2024-385,borrower,Hollow Creek Residential LLC,4490 Yale Road,Floor 11,Miami,FL,33131,,,2026-08-19T15:51:35.095940+00:00,,,,,5000000,10/11/2024,2031-06-17,First Capital Bank,Construction Loan,
debt_records,DBT-2024-386,borrower,Cornerstone Trust Inc,6211 Washington Road,,Seattle,WA,98101,,,2026-08-19T15:51:35.095940+00:00,,,,,"$3,400,000",2024-04-27,2029-01-22,Crescent City Lending,Term Loan,past due 28 days
debt_records,DBT-2024-387,borrower,Timberlake Logistics Inc,3661 Heritage Drive,,Atlanta,GA,30303,,,2026-08-19T15:51:35.095940+00:00,,,,,"$3,800,000",08/05/2024,2029-04-15,Great Lakes Commercial Bank,Bridge Loan,
debt_records,DBT-2024-388,borrower,Willowbrook Investors LP,5663 Century Parkway,,Chicago,IL,60601,,,2026-08-19T15:51:35.095940+00:00,,,,,"$4,600,000",02/24/2024,2025-08-03,Pacific Northwest Trust,Construction Loan,
debt_records,DBT-2024-389,borrower,Falcon Creek Ventures LP,2723 Grant Street,,Nashville,TN,37217,,,2026-08-19T15:51:35.095940+00:00,,,,,"$1,250,000","October 27, 2024",2031-05-02,Sandia Federal Bank,Bridge Loan,
debt_records,DBT-2024-390,borrower,Prairie Wind Investors Inc,2651 Broadway Street,,Houston,TX,77006,,,2026-08-19T15:51:35.095940+00:00,,,,,2150000,2024-11-02,2031-06-23,Piedmont Triad Bank,Construction Loan,
debt_records,DBT-2024-391,borrower,Delta Ridge Retail Partners,4241 Westheimer Road,Suite 36,Austin,TX,78701,,,2026-08-19T15:51:35.095940+00:00,,,,,7850000,2024-10-17,2027-10-09,Delta Commercial Credit,Bridge Loan,
debt_records,DBT-2023-392,borrower,Stonebridge Group LP,4654 Market Avenue,Suite 2,San Francisco,CA,94117,,,2026-08-19T15:51:35.095940+00:00,,,,,9050000,13-Jul-24,2026-09-13,Empire State Trust,Construction Loan,
debt_records,DBT-2024-393,borrower,Northgate Holdings Fund,7733 Meridian Avenue,Floor 6,Nashville,TN,37217,,,2026-08-19T15:51:35.095940+00:00,,,,,"$6,650,000",2024-10-10,2028-08-29,Lakefront Bank,Refinance,
debt_records,DBT-2024-394,borrower,Kestrel Retail Inc,2989 Liberty Boulevard,,Houston,TX,77006,,,2026-08-19T15:51:35.095940+00:00,,,,,4050000,09-Jan-24,2030-07-17,Midlands Trust,Term Loan,
debt_records,DBT-2024-395,borrower,Overlook Capital Inc,5624 Harbor Road,,Austin,TX,78701,,,2026-08-19T15:51:35.095940+00:00,,,,,1600000,2024-02-07,2025-07-24,Crescent City Lending,Term Loan,
debt_records,DBT-2024-396,borrower,Stonebridge Commercial LP,8574 Liberty Lane,,Boston,MA,02110,,,2026-08-19T15:51:35.095940+00:00,,,,,"$2,950,000",2024-08-28,2025-11-19,Crescent City Lending,Bridge Loan,
debt_records,DBT-2024-397,borrower,Union Pacific Capital Fund,2460 Union Avenue,,Atlanta,GA,30303,,,2026-08-19T15:51:35.095940+00:00,,,,,6500000,29-Apr-24,2031-06-21,Lowcountry Bank,Term Loan,
debt_records,DBT-2024-399,borrower,Golden Gate Group LLC,1728 Liberty Lane,,Phoenix,AZ,85018,,,2026-08-19T15:51:35.095940+00:00,,,,,"$4,600,000",09-Nov-24,2028-07-18,Delta Commercial Credit,Bridge Loan,
debt_records,DBT-2024-401,borrower,Bluepeak Office Partners,3375 Century Street,,Seattle,WA,98101,,,2026-08-19T15:51:35.095940+00:00,,,,,"$9,750,000","March 28, 2024",2027-03-09,Sandia Federal Bank,Refinance,
